Ind_ID,GENDER,Car_Owner,Propert_Owner,CHILDREN,Annual_income,Type_Income,EDUCATION,Marital_status,Housing_type,Birthday_count,Age,Employed_days,Mobile_phone,Work_Phone,Phone,EMAIL_ID,Type_Occupation,Family_Members,label
5008827,1,1,1,0,180000.0,1,1,1,1,-18772.0,51,-4,1,0,0,0,3,2,1
5009744,0,1,0,0,315000.0,0,1,1,1,-13557.0,37,-2,1,1,1,0,3,2,1
5009746,0,1,0,0,315000.0,0,1,1,1,-16047.0,44,-2,1,1,1,0,3,2,1
5009749,0,1,0,0,225952.23214285713,0,1,1,1,-13557.0,37,-2,1,1,1,0,3,2,1
5009752,0,1,0,0,315000.0,0,1,1,1,-13557.0,37,-2,1,1,1,0,3,2,1
5009754,0,1,0,0,315000.0,0,1,1,1,-13557.0,37,-2,1,1,1,0,3,2,1
5009894,0,0,0,0,180000.0,1,4,1,1,-22134.0,61,-4,1,0,0,0,3,2,1
5010864,1,1,1,1,450000.0,0,4,1,1,-18173.0,50,-2,1,0,1,1,3,3,1
5010868,1,1,1,1,450000.0,1,4,1,1,-18173.0,50,-2,1,0,1,1,3,3,1
5010869,1,1,1,1,450000.0,0,4,3,1,-18173.0,50,-2,1,0,1,1,3,1,1
5018498,0,1,1,0,90000.0,3,4,1,1,-18950.0,52,-3,1,1,1,0,2,2,1
5018501,0,1,1,0,142593.75,3,4,1,1,-18950.0,52,-3,1,1,1,0,2,2,1
5018503,0,1,1,0,90000.0,3,4,1,1,-18950.0,52,-3,1,1,1,0,2,2,1
5021303,1,0,0,1,472500.0,1,1,1,5,-8907.0,24,-3,1,0,0,1,3,3,1
5021310,1,0,1,0,270000.0,3,4,1,1,-16896.0,46,-1,1,0,0,0,8,2,1
5021314,1,0,1,0,270000.0,3,4,3,1,-16896.0,46,-1,1,0,0,0,8,2,1
5021430,0,0,1,0,126000.0,0,1,3,1,-18907.0,52,-7,1,0,0,0,14,1,1
5021431,0,0,1,0,126000.0,0,1,3,1,-18907.0,52,-7,1,0,0,0,14,1,1
5021998,1,0,1,0,90000.0,1,4,1,1,-18863.0,52,-5,1,0,0,1,3,2,1
5022053,1,0,0,0,202500.0,3,1,3,1,-12811.0,35,-12,1,0,0,0,3,1,1
5022617,1,1,1,0,202500.0,0,4,0,1,-12022.0,33,-5,1,0,0,1,8,2,1
5023781,1,0,1,0,157500.0,0,1,0,1,-17800.0,49,-3,1,0,0,0,0,2,1
5023831,0,0,1,2,112500.0,0,4,1,1,-12135.0,33,-3,1,0,0,0,14,4,1
5024071,0,0,1,0,180000.0,3,1,1,1,-15976.0,44,-2,1,0,0,0,8,2,1
5024213,0,1,1,0,540000.0,0,1,1,1,-15702.0,43,-1,1,0,1,0,3,2,1
5024916,0,0,1,0,112500.0,1,4,1,1,-21832.0,60,-4,1,0,1,0,3,2,1
5024917,0,0,1,0,153382.3096153846,1,4,1,1,-21832.0,60,-4,1,0,1,0,3,2,1
5028580,1,0,0,0,540000.0,0,1,1,1,-19996.0,55,-2,1,0,0,0,10,2,1
5029028,0,0,1,0,90000.0,3,3,3,4,-12026.0,33,-13,1,0,0,0,1,2,1
5029311,0,0,1,0,112500.0,1,4,1,1,-21876.0,60,-4,1,0,1,1,3,2,1
5033453,0,0,0,0,135000.0,3,1,3,1,-10749.0,29,-7,1,0,0,0,8,1,1
5033514,0,1,0,1,135000.0,3,4,1,1,-15952.0,44,-1,1,1,0,0,14,3,1
5033916,1,0,1,0,180000.0,3,4,1,1,-13015.0,36,-10,1,0,0,0,3,2,1
5036469,1,1,0,0,112500.0,2,4,3,1,-20333.0,56,-4,1,0,0,0,4,2,1
5036590,1,1,1,0,292500.0,3,1,1,1,-21055.0,58,-2,1,0,0,0,4,2,1
5036660,0,1,1,0,76500.0,1,4,1,1,-23835.0,65,-4,1,0,0,0,3,2,1
5036795,1,1,1,0,215100.0,0,4,1,1,-19175.0,53,-4,1,0,1,0,8,2,1
5041522,1,1,1,0,450000.0,0,1,2,1,-16169.0,44,-2,1,1,1,0,3,1,1
5042064,0,1,0,2,270000.0,2,1,1,1,-16053.0,44,-20,1,1,1,0,3,4,1
5045888,0,0,1,0,225000.0,1,4,3,1,-23286.0,64,-4,1,0,0,0,3,1,1
5045894,0,0,1,0,225000.0,1,4,3,1,-23286.0,64,-4,1,0,0,0,3,1,1
5045895,0,0,1,0,225000.0,1,4,3,1,-23286.0,64,-4,1,0,0,0,3,1,1
5046324,0,0,1,1,157500.0,0,4,3,1,-15466.0,42,-6,1,0,1,0,9,3,1
5046328,0,0,1,1,157500.0,1,4,3,1,-15466.0,42,-6,1,0,1,0,9,3,1
5047662,0,0,1,1,67500.0,0,4,1,1,-18880.0,52,-11,1,0,0,0,0,3,1
5048300,1,1,0,1,180000.0,0,4,1,1,-11091.0,30,-3,1,0,0,0,8,3,1
5048301,1,1,0,1,180000.0,0,4,1,1,-11091.0,30,-3,1,0,0,0,8,3,1
5050603,1,0,0,0,157500.0,3,4,1,1,-18327.0,50,-20,1,1,0,0,8,2,1
5050606,1,0,0,0,157500.0,3,4,1,1,-18327.0,50,-20,1,1,0,0,8,2,1
5050671,1,0,0,0,171000.0,0,2,3,1,-11610.0,32,0,1,1,1,0,6,1,1
5051160,1,1,0,1,135000.0,3,4,1,1,-9594.0,26,-2,1,0,0,0,8,3,1
5051161,1,1,0,1,135000.0,3,4,1,1,-9594.0,26,-2,1,0,0,0,8,3,1
5052659,0,0,1,0,103500.0,3,4,1,1,-10396.0,28,-2,1,0,0,1,7,2,1
5052661,0,0,1,0,103500.0,3,4,1,1,-10396.0,28,-2,1,0,0,1,7,2,1
5052877,1,1,1,0,225000.0,3,4,1,1,-17915.0,49,-9,1,0,0,0,4,2,1
5052879,1,1,1,0,225000.0,3,4,1,1,-17915.0,49,-9,1,0,0,0,4,2,1
5052882,1,1,1,0,225000.0,3,4,1,1,-17915.0,49,-9,1,0,0,0,4,2,1
5053254,0,1,1,0,180000.0,0,4,1,1,-18667.0,51,-6,1,1,0,0,10,2,1
5054063,1,0,0,1,157500.0,3,4,1,1,-16424.0,45,-4,1,0,0,0,4,3,1
5054068,1,0,0,1,157500.0,3,4,1,1,-16424.0,45,-4,1,0,0,0,4,1,1
5054524,0,0,0,2,180000.0,3,4,1,1,-16611.0,46,-23,1,0,0,0,3,4,1
5054525,0,0,0,2,180000.0,3,4,3,1,-16611.0,46,-23,1,0,0,0,3,4,1
5058345,0,0,1,0,99000.0,1,1,2,1,-24611.0,67,-4,1,0,0,0,3,1,1
5058348,0,0,1,0,153382.3096153846,1,1,2,1,-24611.0,67,-4,1,0,0,0,3,1,1
5058350,1,0,1,0,99000.0,1,1,2,1,-24611.0,67,-4,1,0,0,0,3,1,1
5058352,0,0,1,0,99000.0,1,1,2,1,-24611.0,67,-4,1,0,0,0,3,1,1
5058530,1,0,0,0,391500.0,3,4,3,2,-9242.0,25,-1,1,0,0,0,14,1,1
5058531,1,0,0,0,391500.0,3,4,3,2,-9242.0,25,-1,1,0,0,0,14,1,1
5058532,1,0,0,0,391500.0,3,4,3,2,-16047.0,44,-1,1,0,0,0,14,1,1
5061360,1,0,1,0,65250.0,1,1,1,1,-20872.0,57,-4,1,0,0,0,3,2,1
5061396,1,0,1,0,72900.0,1,3,1,1,-23423.0,64,-4,1,0,0,0,3,2,1
5061636,0,0,1,0,225000.0,1,4,1,2,-21664.0,59,-4,1,0,1,0,3,2,1
5061691,0,0,1,1,67500.0,0,1,1,1,-9122.0,25,-4,1,0,0,1,17,3,1
5062136,1,0,0,1,180000.0,3,4,3,1,-12947.0,35,0,1,0,0,0,8,2,1
5062137,1,0,1,1,187619.32019704435,3,4,3,1,-12947.0,35,0,1,0,0,0,8,2,1
5065348,0,1,1,0,202500.0,3,1,1,1,-15160.0,42,-11,1,0,0,0,6,2,1
5065462,0,0,0,0,157500.0,0,4,1,1,-19004.0,52,-4,1,0,0,0,3,2,1
5065518,0,1,0,1,202500.0,3,1,1,4,-9510.0,26,-8,1,0,0,0,8,3,1
5068389,0,1,1,1,270000.0,3,1,2,1,-14052.0,38,0,1,0,1,0,14,2,1
5068456,0,1,0,0,135000.0,0,4,1,1,-13581.0,37,-7,1,0,0,0,3,2,1
5069216,0,1,1,0,256500.0,0,1,1,1,-11210.0,31,-5,1,1,0,0,0,2,1
5069218,0,1,1,0,256500.0,0,1,3,1,-11210.0,31,-5,1,1,0,0,0,2,1
5069307,1,0,1,0,157500.0,3,4,1,1,-15640.0,43,-4,1,0,0,0,3,2,1
5078820,0,0,0,2,225000.0,0,4,1,1,-14476.0,40,-14,1,0,0,0,6,4,1
5078945,0,0,1,2,180000.0,3,2,2,1,-12253.0,34,-10,1,1,0,0,3,3,1
5078946,0,0,1,2,180000.0,3,2,2,1,-12253.0,34,-10,1,1,0,0,3,3,1
5079166,1,1,0,0,202500.0,3,4,1,5,-13720.0,38,-4,1,0,0,0,8,2,1
5079167,1,1,0,0,202500.0,3,4,1,5,-13720.0,38,-4,1,0,0,0,8,2,1
5079168,1,1,0,0,202500.0,3,4,1,5,-13720.0,38,-4,1,0,0,0,8,2,1
5085886,1,1,1,0,315000.0,0,1,1,1,-18661.0,51,-3,1,0,0,0,10,2,1
5089162,0,1,0,0,225000.0,3,1,1,1,-20264.0,56,-7,1,1,1,0,0,2,1
5089959,1,0,1,1,126000.0,0,4,0,1,-12755.0,35,-6,1,0,0,0,3,3,1
5090166,0,0,1,1,675000.0,0,4,3,1,-15452.0,42,-2,1,0,0,0,16,2,1
5090214,1,1,1,0,135000.0,3,4,1,1,-10712.0,29,-1,1,0,0,0,8,2,1
5090216,1,1,1,0,135000.0,3,4,1,1,-10712.0,29,-1,1,0,0,0,8,2,1
5092087,1,1,1,2,247500.0,3,4,1,1,-17320.0,47,-1,1,0,0,0,8,4,1
5092245,0,0,0,0,103500.0,1,4,1,1,-22111.0,61,-4,1,0,0,0,3,2,1
5092479,1,0,0,1,85500.0,2,4,1,2,-15014.0,41,-19,1,0,0,0,3,3,1
5096527,0,0,0,0,135000.0,3,4,4,0,-20012.0,55,-2,1,0,0,0,3,1,1
5096528,0,0,0,0,135000.0,3,4,4,0,-20012.0,55,-2,1,0,0,0,3,1,1
5096743,0,0,1,0,180000.0,3,3,4,1,-16803.0,46,-6,1,1,1,0,1,1,1
5097065,0,0,1,0,121500.0,3,4,1,1,-18971.0,52,-22,1,0,0,0,10,2,1
5100430,1,1,0,0,180000.0,3,4,3,1,-16310.0,45,-2,1,0,0,0,8,1,1
5105045,1,0,1,0,225000.0,1,4,4,1,-22939.0,63,-4,1,0,0,0,3,1,1
5105056,1,1,0,0,224775.0,0,1,3,2,-11528.0,32,-2,1,0,1,1,6,1,1
5106077,0,0,1,0,135000.0,0,4,1,1,-19764.0,54,-19,1,0,0,0,11,2,1
5113621,1,0,0,0,225000.0,3,4,4,2,-19406.0,53,-1,1,0,0,0,16,1,1
5113933,0,0,0,0,67500.0,1,4,4,1,-23271.0,64,-4,1,0,1,0,3,1,1
5113944,0,1,0,0,135000.0,1,4,1,1,-23324.0,64,-4,1,0,1,0,3,2,1
5114249,1,0,0,1,130500.0,3,2,1,4,-11331.0,31,-5,1,1,1,0,3,3,1
5114253,1,0,0,1,130500.0,3,2,1,4,-11331.0,31,-5,1,1,1,0,3,3,1
5115604,0,0,1,0,202500.0,3,4,1,1,-14523.0,40,-9,1,0,0,0,3,2,1
5115606,0,0,1,0,202500.0,3,4,1,1,-14523.0,40,-9,1,0,0,0,3,2,1
5115608,0,0,1,0,202500.0,3,4,1,1,-14523.0,40,-9,1,0,0,0,3,2,1
5115610,0,0,1,0,202500.0,3,4,1,1,-14523.0,40,-9,1,0,0,0,3,2,1
5115611,0,0,1,0,202500.0,3,4,3,1,-14523.0,40,-9,1,0,0,0,3,2,1
5116035,1,1,1,0,126000.0,3,1,3,1,-14522.0,40,-2,1,1,0,0,10,1,1
5116036,1,1,1,0,126000.0,3,1,3,1,-14522.0,40,-2,1,1,0,0,10,1,1
5116258,0,0,1,4,180000.0,0,4,1,1,-17468.0,48,-20,1,0,0,0,3,6,1
5116301,0,0,1,0,180000.0,1,4,1,1,-22655.0,62,-4,1,0,0,0,3,2,1
5116302,0,0,1,0,180000.0,1,4,1,1,-22655.0,62,-4,1,0,0,0,3,2,1
5116304,0,0,1,0,180000.0,1,4,1,1,-22655.0,62,-4,1,0,0,0,3,2,1
5116305,0,0,1,0,153382.3096153846,1,4,1,1,-22655.0,62,-4,1,0,0,0,3,2,1
5116906,1,1,1,0,211500.0,1,4,1,1,-15047.0,41,-21,1,0,0,0,3,2,1
5117313,0,0,1,1,157500.0,0,4,1,1,-13022.0,36,-11,1,1,1,0,8,3,1
5117413,0,0,0,0,81000.0,1,4,2,1,-22279.0,61,-4,1,0,1,0,3,1,1
5118046,0,0,0,0,81000.0,1,4,4,1,-23902.0,65,-4,1,0,1,0,3,1,1
5118275,0,0,0,0,112500.0,1,4,1,2,-21363.0,59,-4,1,0,0,0,3,2,1
5118278,0,0,0,0,112500.0,1,4,1,2,-21363.0,59,-4,1,0,0,0,3,2,1
5118279,0,0,0,0,112500.0,1,4,1,2,-21363.0,59,-4,1,0,0,0,3,2,1
5118280,0,0,0,0,112500.0,1,4,3,2,-21363.0,59,-4,1,0,0,0,3,2,1
5118283,1,0,0,0,112500.0,1,4,1,2,-21363.0,59,-4,1,0,0,0,3,2,1
5118541,0,0,1,0,72000.0,3,4,1,1,-18132.0,50,-3,1,0,1,0,8,2,1
5125289,0,0,0,1,202500.0,3,4,2,1,-13939.0,38,0,1,0,0,0,8,2,1
5125299,0,0,1,0,148500.0,1,4,1,1,-20846.0,57,-4,1,0,0,0,3,2,1
5125708,0,1,1,0,135000.0,3,3,1,1,-16413.0,45,-2,1,0,1,0,6,2,1
5125716,0,1,1,0,135000.0,3,3,1,1,-16413.0,45,-2,1,0,1,0,6,2,1
5125761,1,0,1,0,270000.0,0,4,3,2,-18020.0,49,-4,1,0,0,0,2,1,1
5125763,1,1,0,1,135000.0,0,4,3,1,-13030.0,36,-4,1,0,1,0,8,3,1
5125934,0,0,1,2,135000.0,0,3,0,5,-9862.0,27,-5,1,1,0,0,14,4,1
5135344,1,0,1,0,112500.0,0,1,1,1,-20103.0,55,-2,1,0,0,0,16,2,1
5135345,1,0,1,0,112500.0,0,1,1,1,-20103.0,55,-2,1,0,0,0,16,2,1
5135346,1,0,1,0,112500.0,0,1,1,1,-20103.0,55,-2,1,0,0,0,16,2,1
5135485,0,0,1,0,135000.0,2,1,3,2,-10660.0,29,-5,1,0,0,0,3,1,1
5135487,0,0,1,0,135000.0,2,1,3,2,-10660.0,29,-5,1,0,0,0,3,1,1
5135636,1,1,1,0,195750.0,3,4,1,1,-18836.0,52,-3,1,1,1,0,8,2,1
5135990,0,0,1,1,585000.0,0,1,3,1,-10430.0,29,-2,1,0,0,0,10,2,1
5135991,0,0,1,1,585000.0,0,1,3,1,-10430.0,29,-2,1,0,0,0,10,2,1
5142183,1,1,1,2,356029.4117647059,0,1,1,1,-17841.0,49,-12,1,1,1,0,10,4,1
5142184,1,1,1,2,450000.0,0,1,1,1,-17841.0,49,-12,1,1,1,0,10,4,1
5142185,1,1,1,2,450000.0,0,1,1,1,-17841.0,49,-12,1,1,1,0,10,4,1
5142361,1,1,1,1,112500.0,3,4,1,1,-16204.0,44,-3,1,1,1,0,4,3,1
5142362,1,1,1,1,112500.0,3,4,1,1,-16204.0,44,-3,1,1,1,0,4,3,1
5142456,0,0,0,0,67500.0,0,1,2,1,-18952.0,52,-1,1,0,1,0,3,1,1
5142458,0,0,1,0,67500.0,0,1,2,1,-18952.0,52,-1,1,0,1,0,3,1,1
5142459,0,0,1,0,67500.0,0,1,2,1,-18952.0,52,-1,1,0,1,0,3,1,1
5143342,1,0,0,1,216000.0,3,4,1,2,-12946.0,35,-7,1,0,0,1,8,3,1
5145690,0,0,1,0,306000.0,1,1,1,1,-21590.0,59,-4,1,0,0,0,3,2,1
5145817,0,0,1,0,90000.0,1,4,1,1,-22011.0,60,-4,1,0,0,0,3,2,1
5146005,1,1,1,0,225000.0,3,4,3,1,-10177.0,28,-1,1,0,0,1,10,1,1
5146079,0,0,1,1,108000.0,3,4,1,1,-12723.0,35,-3,1,1,1,0,14,3,1
5146167,0,0,1,0,135000.0,3,4,1,1,-20296.0,56,-5,1,0,0,0,16,2,1
5146444,0,0,1,0,135000.0,3,4,4,1,-14394.0,39,-3,1,0,1,0,10,1,1
5148932,1,1,0,0,108000.0,3,4,1,3,-17209.0,47,-3,1,0,0,0,16,2,1
5148934,1,1,0,0,108000.0,3,4,1,3,-17209.0,47,-3,1,0,0,0,16,2,1
5149188,1,1,0,1,450000.0,3,1,1,1,-9847.0,27,-1,1,0,1,1,3,3,1
5149190,1,1,0,1,450000.0,3,1,1,1,-9847.0,27,-1,1,0,1,1,3,3,1
5149828,1,1,1,0,315000.0,3,4,1,1,-17348.0,48,-7,1,0,0,0,10,2,1
5149834,0,0,1,0,157500.0,0,1,1,1,-12387.0,34,-4,1,0,1,1,11,2,1
5149838,0,0,1,0,157500.0,1,1,1,1,-12387.0,34,-4,1,0,1,1,11,2,1
5118538,0,0,1,1,81000.0,3,4,1,2,-15749.0,43,-17,1,1,1,0,1,3,0
5069057,1,1,0,0,225000.0,0,4,1,1,-17762.0,49,-7,1,0,0,0,8,2,0
5066689,0,0,1,0,180000.0,0,1,0,1,-12946.0,35,-1,1,0,1,1,14,2,0
5086062,0,0,1,0,135000.0,2,4,1,1,-20542.0,56,-26,1,0,1,0,3,2,0
5113717,0,0,0,1,135000.0,3,4,1,1,-16415.0,45,-8,1,0,0,1,12,3,0
5066765,0,0,1,1,63000.0,0,4,1,1,-14550.0,40,-8,1,0,0,0,14,3,0
5105227,0,0,1,0,135000.0,3,4,1,1,-17365.0,48,-6,1,0,0,0,8,2,0
5054648,0,0,1,0,112500.0,1,4,3,1,-24238.0,66,-4,1,0,0,0,3,1,0
5067187,0,0,1,0,112500.0,3,1,1,1,-11432.0,31,-2,1,1,0,0,3,2,0
5105818,0,0,1,0,45000.0,1,4,1,1,-22072.0,60,-4,1,0,1,0,3,2,0
5033574,0,1,1,1,142593.75,3,4,1,1,-14222.0,39,0,1,1,1,0,2,3,0
5125478,0,0,1,0,202500.0,1,4,1,1,-20661.0,57,-4,1,0,0,0,3,2,0
5046340,1,0,1,1,180000.0,3,3,1,1,-10581.0,29,-5,1,1,0,0,3,3,0
5022326,1,1,1,0,256500.0,0,1,1,1,-21503.0,59,-5,1,0,0,1,3,2,0
5065764,0,0,1,0,90000.0,3,4,3,1,-14746.0,40,-2,1,0,0,0,3,1,0
5067849,0,0,1,0,180000.0,0,4,3,1,-14756.0,40,-2,1,0,0,0,3,1,0
5097169,0,0,0,0,90000.0,0,4,3,1,-10731.0,29,-2,1,0,0,0,14,1,0
5048583,0,0,1,0,135000.0,1,4,1,1,-21579.0,59,-4,1,0,0,0,3,2,0
5115566,1,0,1,0,126000.0,1,4,1,4,-16491.0,45,-4,1,0,0,0,3,2,0
5052722,0,0,0,0,126000.0,1,4,1,1,-21875.0,60,-4,1,0,0,0,3,2,0
5067723,0,0,1,1,337500.0,3,0,3,1,-12555.0,34,-8,1,0,0,0,3,2,0
5056077,1,1,1,0,90000.0,3,4,1,1,-12154.0,33,-4,1,0,0,0,3,2,0
5022275,1,1,1,0,131400.0,1,4,1,1,-23646.0,65,-4,1,0,0,0,3,2,0
5143016,1,0,0,0,180000.0,0,4,0,4,-14542.0,40,-9,1,0,0,0,8,2,0
5066709,0,0,1,0,247500.0,1,4,4,1,-24511.0,67,-4,1,0,0,0,3,1,0
5021445,0,0,1,0,121500.0,3,4,1,5,-13315.0,36,-14,1,1,1,0,3,2,0
5053592,0,0,1,1,117000.0,3,3,4,1,-17633.0,48,-8,1,0,1,0,3,2,0
5116163,0,0,1,2,90000.0,3,4,1,1,-9899.0,27,-1,1,0,0,0,16,4,0
5041273,1,0,1,0,445500.0,0,1,2,1,-19298.0,53,-7,1,0,0,0,3,1,0
5066627,1,1,1,0,157500.0,3,4,1,1,-16047.0,44,-2,1,0,0,0,3,2,0
5125399,1,1,0,0,112500.0,3,4,1,1,-10066.0,28,-2,1,0,0,0,8,2,0
5067345,0,1,0,0,180000.0,0,4,1,1,-16541.0,45,-3,1,0,1,0,3,2,0
5053711,0,1,0,2,157500.0,0,2,1,1,-12857.0,35,-4,1,0,0,1,3,4,0
5096234,0,0,0,0,117000.0,3,4,1,1,-17087.0,47,-20,1,1,1,0,11,2,0
5125158,1,0,1,1,234000.0,3,4,1,1,-11970.0,33,-5,1,0,0,0,8,3,0
5143231,0,1,1,1,1575000.0,0,1,3,1,-10142.0,28,-7,1,0,0,0,10,2,0
5062688,1,1,1,0,247500.0,2,4,1,2,-20112.0,55,-2,1,1,0,1,6,2,0
5105685,0,0,1,2,144000.0,3,4,1,1,-14132.0,39,-8,1,1,1,0,12,4,0
5115984,1,1,1,2,180000.0,3,1,1,1,-13174.0,36,-7,1,0,0,0,10,4,0
5085769,0,0,1,0,180000.0,0,4,1,1,-19310.0,53,-4,1,0,0,0,1,2,0
5065363,0,0,1,1,216000.0,3,1,3,1,-10512.0,29,-5,1,0,1,0,3,2,0
5140074,0,0,1,0,90000.0,0,4,1,1,-15124.0,41,-1,1,0,0,0,3,2,0
5067643,0,0,1,0,171000.0,1,1,1,1,-19961.0,55,-4,1,0,0,0,3,2,0
5091963,1,1,0,0,180000.0,3,4,1,2,-18809.0,52,-4,1,1,0,0,4,2,0
5053637,0,0,0,0,225000.0,1,1,2,1,-21944.0,60,-4,1,0,0,0,3,1,0
5067149,1,0,0,2,225000.0,3,2,1,1,-13969.0,38,-1,1,0,0,0,3,4,0
5096424,1,1,0,0,270000.0,0,1,2,1,-11621.0,32,-6,1,0,1,0,3,1,0
5046283,0,0,1,0,67050.0,1,1,1,1,-24305.0,67,-4,1,0,0,0,3,2,0
5029348,1,1,1,0,270000.0,3,1,1,1,-10942.0,30,-1,1,0,0,0,4,2,0
5096061,0,0,0,2,73350.0,3,4,1,1,-14321.0,39,-19,1,0,0,0,11,4,0
5028917,0,1,1,0,112500.0,3,4,1,1,-17202.0,47,-5,1,0,0,0,14,2,0
5117778,0,1,0,0,144000.0,3,4,4,1,-14407.0,39,-4,1,0,0,0,5,1,0
5095310,0,1,1,0,225000.0,3,1,1,1,-12322.0,34,-10,1,0,0,0,3,2,0
5050655,0,0,0,0,112500.0,3,4,1,1,-14667.0,40,-3,1,1,1,0,0,2,0
5033817,0,1,0,1,292500.0,2,1,1,1,-16010.0,44,-7,1,0,1,0,3,3,0
5052963,1,1,1,0,135000.0,0,4,1,1,-9984.0,27,-7,1,0,0,0,8,2,0
5113159,1,1,1,0,157500.0,0,4,3,2,-9862.0,27,-6,1,1,0,0,8,1,0
5143235,0,1,1,1,1575000.0,0,1,3,1,-10142.0,28,-7,1,0,0,0,10,2,0
5132800,0,0,1,0,157500.0,3,4,2,1,-18540.0,51,-4,1,0,0,0,14,1,0
5090549,0,0,1,0,157500.0,3,4,1,1,-15241.0,42,-7,1,0,0,0,3,2,0
5054522,0,1,1,1,135000.0,3,1,1,1,-10014.0,27,-6,1,0,0,0,3,3,0
5051061,0,0,0,2,112500.0,0,4,1,1,-11945.0,33,-4,1,0,1,0,3,4,0
5010707,1,1,0,0,202500.0,3,4,1,1,-15862.0,43,-14,1,0,1,0,4,2,0
5028984,0,0,1,0,193500.0,3,4,2,1,-19063.0,52,-6,1,1,1,1,8,1,0
5126034,0,1,1,0,108000.0,3,4,2,1,-17171.0,47,-3,1,0,0,1,1,1,0
5090470,1,0,1,1,900000.0,3,4,1,1,-15380.0,42,-12,1,0,0,0,8,3,0
5021775,0,0,1,0,292500.0,0,1,0,1,-14522.0,40,-4,1,0,0,0,8,2,0
5046415,1,1,1,0,270000.0,3,1,1,1,-14466.0,40,-4,1,0,1,0,3,2,0
5065606,1,1,0,0,270000.0,1,1,1,1,-23489.0,64,-4,1,0,0,0,3,2,0
5117314,1,0,1,1,292500.0,3,4,1,1,-16632.0,46,-5,1,0,0,0,8,3,0
5009195,0,0,0,0,292500.0,2,4,1,1,-20953.0,57,-24,1,1,1,0,0,2,0
5139548,0,1,1,2,157500.0,0,1,1,1,-13584.0,37,-17,1,0,1,0,11,4,0
5096416,0,0,0,0,76500.0,3,4,1,1,-16876.0,46,0,1,1,0,0,3,2,0
5042286,0,0,1,0,157500.0,3,4,3,1,-10809.0,30,-3,1,0,0,0,15,1,0
5050729,1,1,0,0,180000.0,3,4,3,5,-8528.0,23,-1,1,0,0,0,3,1,0
5038897,0,0,1,0,135000.0,1,4,1,1,-22886.0,63,-4,1,0,1,0,3,2,0
5050973,0,0,0,1,112500.0,2,4,3,1,-15964.0,44,-21,1,0,0,0,3,2,0
5044935,1,0,1,2,360000.0,2,1,1,1,-16027.0,44,-15,1,0,1,0,10,4,0
5113539,0,0,1,0,157500.0,3,4,1,1,-20976.0,57,-5,1,0,0,0,8,2,0
5085990,0,1,1,0,225000.0,1,4,1,1,-21717.0,59,-4,1,0,0,0,3,2,0
5033452,0,0,0,0,112500.0,3,4,1,1,-19143.0,52,-15,1,1,1,0,3,2,0
5051240,0,1,0,0,121500.0,1,4,3,1,-23328.0,64,-4,1,0,0,0,3,1,0
5065335,1,0,1,0,202500.0,0,3,1,4,-9766.0,27,-5,1,0,1,0,14,2,0
5145978,0,1,0,0,112500.0,2,4,4,1,-19538.0,54,-16,1,0,0,0,15,1,0
5105614,0,1,1,2,135000.0,3,1,1,1,-12334.0,34,-1,1,0,0,0,0,4,0
5038845,0,0,1,0,103500.0,0,4,1,1,-17007.0,47,-4,1,1,1,0,14,2,0
5105556,0,0,1,0,157500.0,3,4,1,1,-19802.0,54,-12,1,0,0,0,8,2,0
5028383,1,1,0,0,337500.0,3,4,3,5,-11344.0,31,-9,1,0,0,0,3,1,0
5009980,0,1,1,0,180000.0,2,4,1,1,-20644.0,57,-11,1,0,0,0,11,2,0
5062075,0,0,1,0,112500.0,1,4,1,1,-21392.0,59,-4,1,0,0,0,3,2,0
5009706,0,0,0,0,157500.0,3,1,1,1,-11644.0,32,-1,1,0,0,0,10,2,0
5146463,1,1,0,0,360000.0,2,1,1,1,-9983.0,27,-5,1,0,0,0,3,2,0
5112662,0,0,0,1,135000.0,0,4,1,1,-12269.0,34,-2,1,0,0,0,10,3,0
5096796,1,1,1,0,337500.0,3,1,2,1,-13188.0,36,-2,1,0,0,0,8,1,0
5066843,0,0,1,0,135000.0,1,4,1,1,-17090.0,47,-4,1,0,0,0,3,2,0
5066597,0,0,0,1,360000.0,0,1,0,1,-14805.0,41,-5,1,0,0,0,14,3,0
5047704,0,0,1,2,173412.7232142857,3,4,3,1,-14717.0,40,-4,1,0,0,0,3,3,0
5009074,0,1,1,1,450000.0,2,1,1,1,-17726.0,49,-2,1,0,1,1,3,3,0
5090954,0,0,0,0,270000.0,2,4,2,1,-19363.0,53,-34,1,0,1,1,11,1,0
5143019,1,0,0,0,270000.0,3,4,1,5,-11768.0,32,-2,1,1,1,0,8,2,0
5118617,0,0,0,0,270000.0,0,1,3,1,-15770.0,43,-14,1,0,0,0,14,1,0
5116018,0,1,1,0,450000.0,1,1,4,1,-22083.0,61,-4,1,0,1,0,3,1,0
5139662,0,0,1,0,157500.0,1,3,1,1,-23483.0,64,-4,1,0,0,0,3,2,0
5042232,0,0,1,0,112500.0,0,4,3,1,-12849.0,35,-17,1,1,0,0,14,1,0
5125317,1,1,0,0,292500.0,0,4,1,1,-20874.0,57,-7,1,0,0,0,3,2,0
5068038,0,0,0,0,112500.0,2,4,1,5,-17164.0,47,-26,1,0,0,0,11,2,0
5038814,0,0,1,0,247500.0,0,4,1,1,-19366.0,53,-2,1,0,0,0,3,2,0
5095356,0,0,0,0,157500.0,3,4,3,5,-9020.0,25,-3,1,0,0,0,14,1,0
5037266,1,1,0,0,225000.0,3,4,3,1,-11892.0,33,-4,1,0,0,0,4,1,0
5052865,0,0,1,0,94500.0,0,2,1,1,-13870.0,38,-9,1,1,1,0,14,2,0
5096211,1,0,0,0,81000.0,3,4,0,1,-14211.0,39,0,1,1,0,0,9,2,0
5023280,0,1,1,0,180000.0,0,4,1,1,-16701.0,46,-7,1,0,0,0,14,2,0
5132340,0,0,1,2,198000.0,0,2,2,1,-15646.0,43,-8,1,0,0,0,3,3,0
5136012,0,0,0,3,180000.0,3,1,1,1,-13678.0,37,-19,1,0,0,0,3,5,0
5045917,1,1,1,0,315000.0,0,4,1,4,-16990.0,47,-6,1,0,0,0,4,2,0
5041073,0,0,1,0,67500.0,3,4,3,1,-18179.0,50,-1,1,0,0,0,8,2,0
5149660,0,0,1,1,180000.0,0,4,0,1,-11920.0,33,-8,1,0,0,0,13,3,0
5022756,0,0,0,1,202500.0,0,4,2,1,-10800.0,30,-9,1,0,0,0,14,2,0
5036562,0,0,0,1,112500.0,3,4,1,1,-11953.0,33,-14,1,1,0,0,3,3,0
5117754,1,1,0,0,306000.0,3,4,1,1,-16011.0,44,-5,1,0,0,0,10,2,0
5125281,0,0,1,1,90000.0,3,4,1,1,-16280.0,45,-10,1,0,0,1,14,3,0
5149039,0,0,1,2,270000.0,0,1,0,1,-11008.0,30,-10,1,0,0,0,8,4,0
5021267,0,1,1,1,270000.0,3,4,1,1,-14512.0,40,-13,1,0,0,0,8,3,0
5125166,1,0,1,1,234000.0,3,4,1,1,-11970.0,33,-5,1,0,0,0,8,3,0
5125524,1,0,0,2,171000.0,3,4,1,2,-13865.0,38,-16,1,1,1,0,3,4,0
5010089,0,0,0,0,225000.0,0,4,1,1,-10304.0,28,-5,1,0,0,0,8,2,0
5126457,0,0,0,0,94500.0,3,1,1,1,-16825.0,46,-1,1,0,0,0,16,2,0
5142763,0,0,0,0,117000.0,0,4,3,5,-10021.0,27,-1,1,0,0,0,14,1,0
5023261,1,1,1,0,180000.0,0,4,1,1,-21202.0,58,-5,1,0,0,0,4,2,0
5090861,0,1,1,0,202500.0,0,4,1,1,-19765.0,54,-6,1,0,0,0,14,2,0
5146123,0,0,0,0,54000.0,1,4,3,1,-20132.0,55,-4,1,0,0,0,3,1,0
5023410,0,0,1,0,112500.0,1,4,1,1,-21642.0,59,-4,1,0,0,0,3,2,0
5010032,1,1,1,0,85500.0,1,4,1,1,-22121.0,61,-4,1,0,1,0,3,2,0
5118397,1,0,0,0,135000.0,3,4,1,1,-17154.0,47,-5,1,0,0,0,4,2,0
5033628,0,0,1,0,166500.0,2,1,1,1,-23599.0,65,-37,1,0,0,0,3,2,0
5069399,1,0,1,0,157500.0,3,4,3,1,-8396.0,23,-4,1,1,1,0,3,1,0
5008889,0,0,1,0,247500.0,0,1,2,4,-17016.0,47,-4,1,0,0,0,3,1,0
5022041,1,0,1,0,180000.0,3,4,1,1,-10049.0,28,-4,1,0,0,1,14,2,0
5126124,0,1,0,0,72000.0,3,4,1,1,-15185.0,42,-1,1,1,1,0,11,2,0
5023563,0,0,1,0,202500.0,3,4,4,1,-17782.0,49,-27,1,0,0,0,3,1,0
5050853,1,0,0,0,180000.0,0,1,3,1,-9488.0,26,-4,1,0,0,0,6,1,0
5024412,1,1,0,0,270000.0,3,1,1,1,-18582.0,51,-14,1,0,0,0,10,2,0
5090612,0,1,0,0,202500.0,3,1,1,1,-13788.0,38,-8,1,0,0,0,0,2,0
5028274,0,1,0,2,360000.0,3,2,1,1,-12730.0,35,-6,1,0,0,0,0,4,0
5028996,1,1,1,0,270000.0,3,1,1,1,-12262.0,34,-1,1,0,0,0,3,2,0
5126322,0,0,0,0,270000.0,3,4,1,1,-17778.0,49,-5,1,1,1,0,6,2,0
5053610,0,0,1,0,112500.0,3,4,1,2,-20589.0,56,-10,1,0,0,0,3,2,0
5069227,0,1,1,0,202300.0,0,4,1,1,-17330.0,47,-3,1,0,1,0,14,2,0
5137401,0,0,0,0,157500.0,3,1,2,1,-17237.0,47,-8,1,0,0,0,11,1,0
5142812,1,1,0,0,202500.0,2,4,1,1,-11648.0,32,-12,1,1,1,0,3,2,0
5053114,0,0,1,0,99000.0,1,4,1,1,-23849.0,65,-4,1,0,0,0,3,2,0
5149027,0,0,1,0,162000.0,1,4,1,1,-22795.0,62,-4,1,0,0,0,3,2,0
5145869,0,0,1,0,225000.0,1,4,2,1,-20978.0,57,-4,1,0,1,0,3,1,0
5053354,0,1,0,0,225000.0,3,4,1,1,-18362.0,50,0,1,0,0,0,8,2,0
5087944,0,0,1,0,72000.0,3,4,4,1,-19923.0,55,-6,1,1,1,0,1,1,0
5035688,0,1,1,0,135000.0,3,4,0,1,-16505.0,45,-23,1,0,0,0,8,2,0
5068491,1,0,0,1,315000.0,0,1,1,1,-18321.0,50,0,1,0,1,0,3,3,0
5044860,0,0,1,0,167400.0,1,4,1,1,-19028.0,52,-4,1,0,0,0,3,2,0
5117047,0,0,1,0,180000.0,1,4,4,1,-23027.0,63,-4,1,0,0,0,3,1,0
5022676,1,0,1,0,135000.0,1,4,1,1,-23286.0,64,-4,1,0,0,0,3,2,0
5009739,0,1,0,0,99000.0,3,4,1,1,-14657.0,40,-12,1,1,1,0,3,2,0
5096991,0,0,1,1,225000.0,0,1,1,1,-12272.0,34,0,1,0,0,0,3,3,0
5067982,1,1,1,0,153000.0,3,1,2,5,-20013.0,55,-21,1,0,0,1,10,1,0
5135982,0,0,1,0,423000.0,0,4,2,1,-13480.0,37,-9,1,0,0,0,12,1,0
5046362,0,0,1,0,90000.0,3,4,0,5,-14386.0,39,0,1,1,1,0,14,2,0
5066817,0,1,0,1,360000.0,3,1,4,1,-16480.0,45,-11,1,0,0,1,10,2,0
5143519,0,0,1,0,247500.0,1,4,3,1,-23280.0,64,-4,1,0,0,0,3,1,0
5068888,0,0,1,0,225000.0,3,4,1,1,-23537.0,64,-13,1,0,0,0,11,2,0
5150412,0,0,1,0,67500.0,1,4,4,1,-22116.0,61,-4,1,0,0,0,3,1,0
5067924,0,0,1,0,112500.0,1,4,4,1,-22743.0,62,-4,1,0,0,0,3,1,0
5056149,1,1,0,0,157500.0,3,4,1,1,-23424.0,64,-41,1,0,0,0,8,2,0
5022308,0,0,1,0,90000.0,3,4,2,1,-19042.0,52,-9,1,0,0,0,3,1,0
5068465,0,0,1,1,90000.0,0,4,1,1,-10175.0,28,-5,1,0,1,0,12,3,0
5036881,0,1,1,0,225000.0,1,4,1,1,-22471.0,62,-4,1,0,0,0,3,2,0
5137033,1,1,0,1,112500.0,3,4,1,1,-14301.0,39,-1,1,0,1,0,8,3,0
5148812,0,0,1,0,112500.0,1,4,1,1,-22416.0,61,-4,1,0,0,0,3,2,0
5100220,1,1,1,2,315000.0,0,4,1,1,-15182.0,42,-17,1,0,0,0,4,4,0
5078842,0,1,1,1,135000.0,3,4,1,5,-10532.0,29,0,1,0,0,0,12,3,0
5010526,1,1,1,1,450000.0,3,1,1,3,-18476.0,51,-7,1,0,0,0,10,3,0
5105150,0,0,1,0,90000.0,3,1,1,1,-18940.0,52,-5,1,0,0,0,14,2,0
5045253,0,0,1,1,270000.0,3,4,1,1,-20854.0,57,-10,1,0,0,0,3,3,0
5100000,0,0,0,1,180000.0,0,4,1,1,-15226.0,42,-9,1,0,0,0,14,3,0
5029725,0,0,1,1,135000.0,0,1,1,1,-9778.0,27,-8,1,1,0,1,3,3,0
5090925,0,0,1,0,243000.0,0,4,1,5,-17000.0,47,-9,1,0,0,0,8,2,0
5115947,1,1,1,0,225000.0,3,4,3,1,-9586.0,26,-3,1,0,0,0,3,1,0
5028572,0,0,1,0,112500.0,1,1,1,1,-22062.0,60,-4,1,0,0,0,3,2,0
5022373,0,0,1,1,234000.0,3,4,3,1,-20693.0,57,-22,1,0,0,0,3,2,0
5149040,0,0,1,0,180000.0,3,4,0,1,-19750.0,54,-10,1,0,0,0,8,2,0
5113291,0,1,1,2,121500.0,3,2,1,1,-11327.0,31,0,1,1,1,0,3,4,0
5139951,0,1,1,0,121500.0,2,4,1,1,-19988.0,55,-9,1,1,0,0,3,2,0
5028697,1,1,0,1,270000.0,3,1,1,4,-10817.0,30,-1,1,0,1,0,8,3,0
5148527,0,0,1,0,180000.0,1,4,1,1,-23365.0,64,-4,1,0,0,0,3,2,0
5009443,0,0,0,0,90000.0,2,4,1,1,-9489.0,26,-5,1,0,1,0,3,2,0
5096621,0,0,0,1,135000.0,3,4,1,1,-14461.0,40,-4,1,0,1,0,8,3,0
5149150,1,1,1,0,247500.0,3,4,1,1,-10952.0,30,-10,1,1,0,0,8,2,0
5118448,0,0,0,1,76500.0,3,4,1,1,-10080.0,28,-2,1,1,0,0,14,3,0
5116818,1,0,1,0,85500.0,2,4,2,0,-16542.0,45,-24,1,1,1,0,3,1,0
5022833,1,1,1,0,202500.0,3,4,1,1,-17262.0,47,-4,1,0,0,0,3,2,0
5086006,0,0,1,0,157500.0,1,4,4,1,-21497.0,59,-4,1,0,0,0,3,1,0
5010397,0,1,1,1,225000.0,3,1,1,1,-14148.0,39,-4,1,1,1,0,6,3,0
5047789,0,1,1,0,225000.0,0,1,1,1,-10457.0,29,-3,1,0,0,0,3,2,0
5105657,0,1,1,2,540000.0,3,1,3,1,-14160.0,39,-1,1,0,1,1,3,3,0
5150047,0,0,1,0,283500.0,3,4,1,1,-17958.0,49,-2,1,0,0,0,14,2,0
5035791,0,1,1,0,90000.0,1,4,4,1,-21973.0,60,-4,1,0,0,0,3,1,0
5021682,1,0,1,0,180000.0,0,4,2,1,-18745.0,51,-10,1,0,0,0,1,1,0
5088699,0,1,1,0,252000.0,3,4,1,1,-17562.0,48,-3,1,0,0,0,11,2,0
5115797,0,0,1,1,135000.0,0,4,3,1,-14578.0,40,-20,1,0,0,0,8,2,0
5023460,0,1,1,0,315000.0,1,4,3,1,-21012.0,58,-4,1,0,0,0,3,1,0
5096466,1,1,0,1,450000.0,3,1,1,1,-19410.0,53,-15,1,1,0,0,10,3,0
5146472,0,1,1,0,180000.0,0,1,0,1,-14133.0,39,-10,1,0,0,0,14,2,0
5024527,0,0,1,0,270000.0,1,4,4,1,-20967.0,57,-4,1,0,1,0,3,1,0
5095193,1,1,1,1,495000.0,0,4,1,1,-16047.0,44,-3,1,0,1,0,10,3,0
5068156,1,1,1,0,180000.0,3,4,1,1,-19565.0,54,-9,1,0,0,0,3,2,0
5117756,1,1,0,0,306000.0,3,4,1,1,-16011.0,44,-5,1,0,0,0,10,2,0
5066507,0,0,1,0,157500.0,3,4,3,1,-17538.0,48,-21,1,0,1,0,12,1,0
5143164,0,0,0,2,180000.0,0,4,1,1,-13791.0,38,-4,1,1,0,0,0,4,0
5088834,0,0,1,0,612000.0,2,4,1,1,-12563.0,34,-10,1,0,0,1,0,2,0
5135841,0,0,1,1,36000.0,3,4,1,1,-12417.0,34,-3,1,0,1,0,3,3,0
5023059,1,1,1,1,112500.0,3,4,1,1,-11279.0,31,-1,1,0,0,0,8,3,0
5125325,1,1,0,0,292500.0,0,4,1,1,-20874.0,57,-7,1,0,0,0,3,2,0
5135574,0,1,1,0,180000.0,3,4,1,1,-11749.0,32,-3,1,0,0,0,11,2,0
5009053,0,0,1,2,202500.0,3,1,1,1,-10997.0,30,-6,1,0,0,1,3,4,0
5028292,0,0,1,0,292500.0,3,1,2,1,-19736.0,54,-35,1,0,1,0,3,1,0
5029108,1,1,0,1,315000.0,2,4,1,1,-13230.0,36,-10,1,0,0,1,6,3,0
5091400,0,0,0,0,135000.0,3,4,1,5,-12278.0,34,-2,1,0,0,0,3,2,0
5050768,0,0,0,2,337500.0,3,4,1,1,-10990.0,30,-6,1,0,0,0,3,4,0
5113420,0,0,0,1,157500.0,3,4,3,2,-12716.0,35,-15,1,0,0,0,3,2,0
5113132,0,1,1,0,360000.0,0,4,1,1,-19033.0,52,-10,1,0,0,0,14,2,0
5062670,0,1,1,1,135000.0,3,1,1,1,-14863.0,41,-12,1,0,0,0,10,3,0
5029352,1,1,1,0,270000.0,3,1,1,1,-10942.0,30,-1,1,0,0,0,4,2,0
5105067,1,0,1,0,157500.0,3,2,1,1,-13682.0,37,-1,1,1,1,0,3,2,0
5143573,1,1,0,0,157500.0,3,2,1,5,-9124.0,25,-3,1,1,0,0,4,2,0
5045203,0,1,1,0,139500.0,1,4,1,1,-21009.0,58,-4,1,0,0,0,3,2,0
5065673,0,0,0,0,135000.0,3,4,3,1,-11512.0,32,-13,1,0,0,0,3,1,0
5029544,0,1,1,1,133650.0,0,4,1,1,-14596.0,40,-5,1,0,0,0,3,3,0
5045800,1,1,1,1,427500.0,3,4,1,1,-11892.0,33,-7,1,0,1,0,4,3,0
5111159,0,1,1,1,81000.0,3,1,1,1,-10648.0,29,-4,1,1,1,0,3,3,0
5099957,0,1,1,1,225000.0,0,1,1,1,-11239.0,31,-1,1,0,0,0,0,3,0
5143360,0,0,1,0,126000.0,3,4,1,1,-22811.0,62,-6,1,1,1,0,6,2,0
5091753,1,1,0,2,135000.0,3,1,1,1,-12725.0,35,-4,1,0,0,0,3,4,0
5117403,0,0,0,0,94500.0,3,4,1,1,-16758.0,46,-4,1,0,0,0,17,2,0
5149319,0,1,1,1,180000.0,3,1,2,1,-18838.0,52,-16,1,0,0,0,10,2,0
5137542,0,0,0,0,157500.0,3,4,1,1,-18881.0,52,-9,1,1,0,0,2,2,0
5095170,1,1,1,0,252000.0,0,1,1,1,-13796.0,38,-7,1,0,0,0,4,2,0
5090780,0,0,0,1,202500.0,3,4,1,1,-12047.0,33,-9,1,0,0,0,10,3,0
5092242,0,0,0,0,117000.0,3,4,1,1,-20754.0,57,-6,1,0,0,0,3,2,0
5068671,1,0,1,0,247500.0,3,2,1,1,-9159.0,25,-1,1,0,0,0,3,2,0
5143427,0,0,1,0,180000.0,1,4,3,1,-23431.0,64,-4,1,0,0,0,3,1,0
5087994,1,1,1,1,180000.0,0,2,0,1,-15547.0,43,-18,1,0,0,0,3,3,0
5052739,0,0,1,2,180000.0,0,4,1,1,-10454.0,29,-1,1,0,0,1,6,4,0
5068747,0,0,0,0,157500.0,3,1,0,5,-13231.0,36,-1,1,0,0,0,0,2,0
5025029,0,0,0,0,135000.0,1,4,1,1,-20013.0,55,-4,1,0,0,0,3,2,0
5149353,1,1,1,0,206718.75,0,1,1,1,-12208.0,33,-9,1,0,0,0,0,2,0
5022571,1,1,1,0,202500.0,1,1,1,1,-21721.0,60,-4,1,0,0,0,3,2,0
5024578,0,0,0,1,90000.0,3,4,1,5,-10253.0,28,-4,1,0,0,0,8,3,0
5058405,1,1,1,0,247500.0,3,1,1,1,-12843.0,35,-7,1,0,0,0,10,2,0
5041869,1,1,0,0,99000.0,2,4,1,1,-19433.0,53,-1,1,1,1,0,3,2,0
5115894,1,1,0,0,247500.0,0,4,1,1,-17455.0,48,-4,1,0,0,0,4,2,0
5062749,1,1,0,1,202500.0,2,1,1,1,-13387.0,37,-7,1,0,0,0,3,3,0
5045611,0,0,1,2,90000.0,3,4,1,1,-11762.0,32,-2,1,0,0,0,3,4,0
5113288,0,1,1,2,121500.0,3,2,1,1,-11327.0,31,0,1,1,1,0,3,4,0
5053003,0,1,1,0,157500.0,3,2,1,1,-9389.0,26,-4,1,1,1,0,3,2,0
5118038,0,0,0,2,121500.0,3,1,1,1,-11697.0,32,-2,1,0,0,0,5,4,0
5091405,0,0,1,0,135000.0,3,4,3,1,-17579.0,48,-5,1,1,0,0,8,1,0
5137022,0,0,0,0,180000.0,2,4,4,1,-18181.0,50,-1,1,1,1,0,8,1,0
5117594,0,0,0,0,144000.0,3,4,3,1,-16898.0,46,-20,1,1,1,0,3,1,0
5085704,1,1,1,0,126000.0,1,4,1,1,-19474.0,53,-4,1,0,0,0,3,2,0
5137292,1,1,0,1,225000.0,3,4,1,1,-15243.0,42,-20,1,1,1,0,6,3,0
5038751,1,1,1,2,157500.0,0,1,1,5,-14192.0,39,-2,1,0,0,0,4,4,0
5099900,1,1,1,0,157500.0,0,4,1,1,-20341.0,56,-19,1,0,0,0,8,2,0
5116676,1,1,1,3,270000.0,3,4,1,1,-13427.0,37,-1,1,1,0,0,8,5,0
5061321,0,1,1,1,261000.0,2,1,1,1,-15050.0,41,-4,1,0,0,0,10,3,0
5139410,0,1,1,2,135000.0,2,4,1,1,-14439.0,40,-17,1,1,0,0,3,4,0
5048486,1,1,1,0,202500.0,3,4,1,1,-12992.0,36,-2,1,1,1,0,4,2,0
5139658,0,0,1,0,157500.0,1,3,1,1,-23483.0,64,-4,1,0,0,0,3,2,0
5091280,1,0,1,1,103500.0,3,4,1,1,-11822.0,32,-2,1,1,0,0,8,3,0
5023186,1,1,1,0,135000.0,3,4,1,1,-17235.0,47,-7,1,0,1,0,3,2,0
5054307,1,0,0,1,135000.0,3,4,1,1,-10116.0,28,-2,1,0,0,0,8,3,0
5116879,0,0,0,0,112500.0,3,1,3,5,-11061.0,30,0,1,1,1,0,6,1,0
5050453,1,0,1,1,231750.0,3,4,1,1,-14247.0,39,0,1,0,0,0,3,3,0
5022804,0,1,1,0,202500.0,3,1,4,1,-11998.0,33,-4,1,0,0,0,10,1,0
5091374,1,1,1,0,247500.0,3,4,1,1,-15366.0,42,-3,1,1,1,0,4,2,0
5135484,0,0,1,0,135000.0,2,1,3,2,-10660.0,29,-5,1,0,0,0,3,1,0
5054188,0,0,0,0,135000.0,3,4,1,1,-11390.0,31,-1,1,0,1,0,14,2,0
5054626,0,0,1,0,112500.0,1,4,4,1,-22034.0,60,-4,1,0,0,0,3,1,0
5068548,1,1,1,0,117000.0,0,4,1,1,-19351.0,53,-3,1,0,0,0,8,2,0
5053472,1,0,1,0,112500.0,3,4,1,1,-18516.0,51,-6,1,1,1,0,9,2,0
5105395,0,0,1,0,135000.0,3,2,3,1,-10932.0,30,-2,1,0,0,0,15,1,0
5029554,0,0,1,0,103500.0,1,4,4,1,-23751.0,65,-4,1,0,0,0,3,1,0
5089722,0,0,0,0,315000.0,0,4,2,1,-17617.0,48,-9,1,1,1,1,12,1,0
5066562,0,0,0,0,180000.0,0,2,1,5,-8247.0,23,-1,1,1,0,1,14,2,0
5062547,0,0,1,3,247500.0,0,2,1,1,-12099.0,33,-6,1,0,0,1,3,5,0
5010203,1,1,1,0,135000.0,3,3,1,5,-9981.0,27,-5,1,0,0,1,8,2,0
5024665,0,0,1,0,157500.0,3,4,1,1,-14425.0,40,-13,1,1,1,0,8,2,0
5089626,0,0,0,0,315000.0,0,1,1,1,-16188.0,44,-1,1,1,1,1,14,2,0
5021373,0,0,1,0,247500.0,3,1,1,1,-22100.0,61,-2,1,0,0,1,10,2,0
5054699,1,1,1,0,157500.0,3,1,1,1,-16047.0,44,-19,1,0,0,0,8,2,0
5051180,1,1,0,1,187619.32019704435,3,4,1,1,-13086.0,36,-5,1,0,1,0,8,3,0
5143515,0,0,1,0,247500.0,1,4,3,1,-23280.0,64,-4,1,0,0,0,3,1,0
5018461,0,0,1,1,166500.0,3,4,1,1,-20208.0,55,-22,1,0,1,0,3,3,0
5096300,0,0,0,1,112500.0,0,4,1,1,-9320.0,26,-6,1,0,0,0,6,3,0
5148897,1,0,1,0,90900.0,1,4,1,1,-22233.0,61,-4,1,0,1,0,3,2,0
5025047,0,1,0,3,112500.0,3,4,1,1,-11731.0,32,-10,1,1,1,0,3,5,0
5092164,0,1,1,0,45900.0,1,4,4,1,-20282.0,56,-4,1,0,1,0,3,1,0
5053143,1,0,1,1,126000.0,3,4,0,1,-12301.0,34,0,1,0,1,0,3,3,0
5038510,0,0,1,0,103500.0,3,2,1,1,-11855.0,32,-13,1,0,0,0,8,2,0
5023482,0,0,1,1,119250.0,3,4,1,1,-15931.0,44,-12,1,1,1,0,3,3,0
5054099,1,1,0,2,202500.0,3,1,1,1,-11736.0,32,-2,1,0,0,0,4,4,0
5062713,0,0,1,1,157500.0,3,4,1,1,-14510.0,40,-10,1,0,0,0,3,3,0
5088851,0,1,1,0,112500.0,3,1,1,1,-11353.0,31,-6,1,0,0,1,0,2,0
5111117,0,0,1,1,315000.0,3,1,1,1,-11602.0,32,-4,1,0,0,0,10,3,0
5118115,1,0,0,1,270000.0,0,4,1,1,-13538.0,37,-15,1,1,1,0,4,3,0
5024258,1,0,1,0,162000.0,3,4,3,1,-11495.0,31,-2,1,0,0,0,16,1,0
5113976,1,1,0,0,270000.0,3,2,1,1,-11955.0,33,-2,1,1,1,1,8,2,0
5099907,0,0,1,2,112500.0,3,2,1,1,-10927.0,30,-5,1,0,0,0,3,4,0
5092332,0,0,1,0,58500.0,1,4,3,1,-24946.0,68,-4,1,0,1,0,3,1,0
5038932,0,0,1,0,94500.0,0,1,2,1,-14548.0,40,-17,1,0,1,0,11,1,0
5078924,1,0,1,0,270000.0,3,4,1,1,-16116.0,44,-3,1,0,1,0,8,2,0
5068390,0,1,1,1,270000.0,3,1,2,1,-14052.0,38,0,1,0,1,1,14,2,0
5046036,0,1,1,0,99000.0,1,4,0,1,-21527.0,59,-4,1,0,0,0,3,2,0
5033788,0,0,1,1,315000.0,3,1,2,1,-15738.0,43,-13,1,1,1,0,12,2,0
5010781,0,1,1,1,157500.0,0,1,1,1,-14474.0,40,-6,1,0,0,1,3,3,0
5022761,0,0,1,0,180000.0,3,4,1,1,-9791.0,27,-4,1,0,0,1,14,2,0
5041980,0,0,0,0,211500.0,0,1,1,5,-14636.0,40,-13,1,1,1,0,8,2,0
5113854,1,0,0,0,202500.0,3,4,3,1,-15323.0,42,-23,1,1,0,0,8,1,0
5126612,0,1,0,0,180000.0,1,4,4,1,-20395.0,56,-4,1,0,1,0,3,1,0
5132264,0,0,0,0,144000.0,3,4,1,1,-16047.0,44,-6,1,0,1,0,8,2,0
5142136,0,0,0,2,144000.0,3,4,1,1,-17001.0,47,-14,1,0,0,0,11,4,0
5088163,0,0,1,0,270000.0,3,4,3,1,-12922.0,35,-3,1,0,0,0,3,1,0
5146086,1,0,0,0,148500.0,3,4,3,2,-14122.0,39,-3,1,0,0,1,8,1,0
5139553,0,1,1,2,157500.0,0,1,1,1,-13584.0,37,-17,1,0,1,0,11,4,0
5041474,0,0,1,0,90000.0,0,1,1,1,-9006.0,25,-2,1,0,0,1,14,2,0
5025020,0,0,1,0,148500.0,1,4,1,1,-21512.0,59,-4,1,0,0,0,3,2,0
5118270,0,0,0,0,99000.0,3,4,1,5,-19566.0,54,-15,1,1,0,0,11,2,0
5095324,0,0,1,0,315000.0,1,4,4,1,-22854.0,63,-4,1,0,1,0,3,1,0
5142290,0,0,1,1,162000.0,2,1,0,1,-15027.0,41,0,1,0,0,0,0,3,0
5148792,0,0,1,0,202500.0,0,4,4,1,-17450.0,48,-15,1,0,0,0,10,1,0
5062031,0,1,1,0,225000.0,3,1,3,1,-9688.0,27,-2,1,0,1,1,3,1,0
5088836,0,0,1,0,612000.0,2,4,1,1,-12563.0,34,-10,1,0,0,1,0,2,0
5035418,0,0,1,0,292500.0,3,1,1,1,-21111.0,58,-13,1,0,0,0,3,2,0
5089896,0,0,1,0,67500.0,1,1,3,2,-23694.0,65,-4,1,0,0,1,3,1,0
5137407,0,0,0,0,157500.0,3,1,2,1,-17237.0,47,-8,1,0,0,0,11,1,0
5086060,0,0,1,0,135000.0,2,4,1,1,-20542.0,56,-26,1,0,1,0,3,2,0
5095117,0,0,1,0,67500.0,3,1,1,1,-14240.0,39,-4,1,0,0,0,3,2,0
5067419,0,0,1,0,144000.0,1,4,1,1,-23334.0,64,-4,1,0,0,0,3,2,0
5041307,0,1,1,0,90000.0,1,4,1,1,-23118.0,63,-4,1,0,1,0,3,2,0
5146401,0,0,1,0,112500.0,3,4,2,1,-19682.0,54,-6,1,1,0,0,1,1,0
5105137,0,0,1,0,112500.0,3,4,3,1,-9957.0,27,-3,1,0,0,0,8,1,0
5053388,0,0,1,0,135000.0,3,4,0,1,-16300.0,45,-27,1,0,0,1,10,2,0
5146467,1,1,0,0,360000.0,2,1,1,1,-9983.0,27,-5,1,0,0,0,3,2,0
5113082,0,0,1,1,112500.0,3,1,3,1,-15303.0,42,-3,1,0,0,0,3,2,0
5052755,1,0,1,0,225000.0,3,4,0,1,-10570.0,29,-3,1,0,0,0,10,2,0
5092436,0,1,1,0,112500.0,1,4,1,1,-19921.0,55,-4,1,0,1,0,3,2,0
5022243,0,0,1,0,202500.0,3,4,1,1,-15231.0,42,-23,1,0,0,1,6,2,0
5113020,1,1,1,0,202500.0,2,4,1,1,-14622.0,40,-6,1,0,0,0,3,2,0
5058267,1,0,0,1,225000.0,0,4,1,5,-17868.0,49,-5,1,0,0,0,4,3,0
5037247,1,1,1,2,112500.0,3,4,1,1,-12170.0,33,-3,1,0,0,0,8,4,0
5100461,1,1,1,1,202500.0,0,4,0,1,-12417.0,34,-7,1,0,0,0,6,3,0
5096753,1,1,0,0,328500.0,3,1,1,1,-14897.0,41,-7,1,1,1,0,3,2,0
5091778,1,0,1,2,112500.0,0,4,1,1,-10874.0,30,-3,1,1,0,0,8,4,0
5038569,1,1,1,0,202500.0,3,4,1,1,-19974.0,55,-1,1,0,1,0,8,2,0
5069169,1,1,1,0,135000.0,3,4,1,1,-10314.0,28,-3,1,0,0,1,14,2,0
5065820,1,1,1,1,157500.0,3,4,1,1,-16047.0,44,-6,1,0,0,0,8,3,0
5091048,0,0,1,2,270000.0,0,1,1,1,-15438.0,42,-6,1,0,0,1,15,4,0
5097134,1,1,1,0,157500.0,3,4,1,1,-11382.0,31,-7,1,1,1,0,4,2,0
5097106,0,0,1,0,193500.0,3,4,1,1,-21026.0,58,-31,1,0,1,0,3,2,0
5099877,0,1,1,0,103500.0,1,4,1,1,-21671.0,59,-4,1,0,1,0,3,2,0
5033884,1,1,1,0,90000.0,3,4,1,1,-20063.0,55,-3,1,1,1,0,3,2,0
5097024,1,1,0,0,198000.0,0,1,1,1,-13643.0,37,-8,1,0,0,0,10,2,0
5010412,0,0,1,0,202500.0,1,4,1,1,-21854.0,60,-4,1,0,0,0,3,2,0
5091144,1,1,0,0,225000.0,3,4,1,1,-10785.0,30,-4,1,0,0,0,3,2,0
5088503,1,1,1,0,72000.0,3,1,1,1,-21897.0,60,-2,1,0,0,0,16,2,0
5126142,1,1,0,2,202500.0,3,4,1,1,-15904.0,44,-10,1,0,0,0,8,4,0
5067020,0,1,1,1,247500.0,3,4,0,1,-17152.0,47,-3,1,0,0,1,8,3,0
5061076,1,1,0,0,157500.0,2,4,1,1,-14926.0,41,-9,1,1,0,0,3,2,0
5126527,0,0,0,0,225000.0,2,4,1,5,-12269.0,34,-1,1,0,1,0,11,2,0
5078931,1,0,0,0,112500.0,0,4,3,2,-15853.0,43,-1,1,0,1,0,8,1,0
5125471,1,1,1,1,450000.0,0,1,1,1,-17437.0,48,-5,1,0,0,0,3,3,0
5025207,1,1,1,1,180000.0,0,4,1,1,-9901.0,27,0,1,0,0,0,4,3,0
5042097,0,0,0,1,108000.0,3,4,2,1,-14349.0,39,-11,1,0,1,0,3,2,0
5067653,0,0,1,0,787500.0,2,1,1,1,-17203.0,47,-4,1,0,0,1,10,2,0
5089137,0,1,0,0,202500.0,0,4,0,5,-14228.0,39,-15,1,0,1,0,3,2,0
5065601,1,0,1,0,157500.0,0,4,1,1,-20867.0,57,-3,1,0,1,0,8,2,0
5112833,0,0,1,1,90000.0,3,4,2,5,-13200.0,36,-3,1,0,1,1,14,2,0
5024636,0,0,1,0,173412.7232142857,3,4,1,1,-19922.0,55,-3,1,0,0,0,3,2,0
5050549,1,0,0,2,225000.0,3,1,0,1,-16768.0,46,-8,1,1,0,0,8,4,0
5065763,0,0,1,0,90000.0,3,4,3,1,-14746.0,40,-2,1,0,0,0,3,1,0
5089269,0,0,0,0,72000.0,3,4,3,1,-18799.0,52,-4,1,1,0,0,1,1,0
5061207,1,1,1,14,225000.0,3,4,2,1,-17754.0,49,-5,1,0,0,0,4,15,0
5028684,1,0,1,0,157500.0,3,4,1,1,-9582.0,26,-8,1,0,0,1,8,2,0
5028737,1,0,1,0,360000.0,0,4,1,1,-12483.0,34,-11,1,0,0,0,10,2,0
5113406,1,1,1,0,450000.0,0,1,3,1,-10837.0,30,-2,1,0,0,1,14,1,0
5025741,0,1,0,0,216000.0,3,1,1,2,-11974.0,33,-1,1,0,1,0,14,2,0
5045992,0,0,1,0,157500.0,0,4,1,1,-15256.0,42,-12,1,0,0,0,8,2,0
5054453,1,1,1,0,315000.0,3,1,1,1,-17914.0,49,-3,1,0,0,0,8,2,0
5024586,0,1,1,2,315000.0,2,4,1,1,-12348.0,34,-3,1,0,0,0,10,4,0
5090701,0,0,0,0,594000.0,1,1,3,2,-17387.0,48,-4,1,0,0,0,3,1,0
5091929,0,1,0,0,135000.0,3,4,1,1,-18197.0,50,-2,1,0,0,0,3,2,0
5149034,0,0,1,0,180000.0,2,1,1,1,-17483.0,48,-3,1,0,0,0,3,2,0
5114114,1,1,0,0,157500.0,3,4,2,1,-17054.0,47,-2,1,0,1,0,16,1,0
5142579,0,1,1,1,234000.0,3,4,3,1,-20668.0,57,-8,1,0,0,0,3,2,0
5046035,0,1,1,0,99000.0,1,4,0,1,-21527.0,59,-4,1,0,0,0,3,2,0
5050756,1,1,0,0,225000.0,0,4,1,1,-18058.0,49,-11,1,1,0,0,4,2,0
5047853,1,1,1,1,292500.0,0,1,1,1,-12569.0,34,-9,1,0,0,0,3,3,0
5009790,0,0,0,0,198000.0,1,4,4,1,-22002.0,60,-4,1,0,1,0,3,1,0
5135819,0,0,1,0,90000.0,0,4,1,1,-19482.0,53,-8,1,0,0,0,8,2,0
5092287,0,0,1,0,247500.0,1,1,1,1,-22107.0,61,-4,1,0,0,0,3,2,0
5105743,1,1,0,2,112500.0,3,1,1,1,-16047.0,44,-18,1,1,1,0,6,4,0
5028280,0,0,0,1,157500.0,0,2,1,5,-11941.0,33,-8,1,0,0,0,3,3,0
5095896,0,0,0,1,112500.0,0,1,1,1,-16018.0,44,-7,1,1,1,0,10,3,0
5024352,1,1,1,0,585000.0,0,4,1,5,-16653.0,46,-5,1,0,0,0,4,2,0
5100027,0,1,0,0,180000.0,3,4,1,1,-19317.0,53,-32,1,0,0,0,11,2,0
5028337,0,1,0,1,225000.0,3,1,3,5,-13861.0,38,-15,1,0,0,0,8,2,0
5090788,0,1,1,1,225000.0,0,4,2,1,-10909.0,30,-4,1,0,0,0,10,2,0
5046126,0,0,1,0,135000.0,3,4,1,1,-20301.0,56,-8,1,1,1,0,10,2,0
5092265,1,0,1,0,112500.0,3,4,0,1,-17837.0,49,-1,1,0,0,0,16,2,0
5143319,0,1,1,0,112500.0,1,4,1,1,-20838.0,57,-4,1,0,0,0,3,2,0
5114354,1,1,0,0,180000.0,0,4,1,2,-9810.0,27,-8,1,1,0,0,3,2,0
5117248,0,0,1,2,112500.0,3,4,1,1,-12974.0,36,-7,1,0,0,0,8,4,0
5024386,0,0,0,0,117000.0,3,4,1,2,-13494.0,37,-4,1,0,0,0,14,2,0
5026178,1,1,1,0,135000.0,3,4,1,1,-19171.0,53,-21,1,1,0,0,8,2,0
5033439,1,1,0,2,270000.0,3,1,1,1,-11723.0,32,-8,1,0,1,0,3,4,0
5089320,0,1,0,0,135000.0,0,1,1,1,-11616.0,32,-2,1,1,1,1,6,2,0
5053872,1,1,1,1,157500.0,3,4,1,1,-11627.0,32,-6,1,0,0,0,3,3,0
5091735,0,1,1,0,243000.0,3,4,3,1,-14716.0,40,-6,1,0,0,0,14,1,0
5105791,1,0,0,0,121500.0,2,2,3,1,-8947.0,25,-4,1,1,0,0,8,1,0
5125928,1,0,1,1,135000.0,3,4,1,1,-11729.0,32,-2,1,0,0,0,8,3,0
5115662,1,1,1,0,225000.0,0,1,3,1,-15994.0,44,-7,1,0,1,0,14,1,0
5029256,1,1,1,2,225000.0,3,1,1,1,-13456.0,37,-3,1,0,0,0,4,4,0
5136029,1,1,0,0,112500.0,2,4,1,1,-19532.0,54,-6,1,0,0,0,8,2,0
5037157,0,0,1,0,157500.0,1,4,1,1,-22861.0,63,-4,1,0,1,0,3,2,0
5046531,1,1,0,0,202500.0,1,1,1,1,-20195.0,55,-4,1,0,0,0,3,2,0
5023177,0,0,1,1,337500.0,3,4,0,1,-17738.0,49,-13,1,1,1,0,8,3,0
5021967,0,0,0,1,103500.0,3,4,1,1,-11720.0,32,-3,1,0,0,0,14,3,0
5135530,0,1,1,0,99000.0,1,4,1,1,-21014.0,58,-4,1,0,0,0,3,2,0
5146534,0,1,0,1,67500.0,2,4,1,1,-15151.0,42,-3,1,0,0,0,3,3,0
5126101,0,0,1,0,112500.0,1,4,1,1,-21042.0,58,-4,1,0,1,0,3,2,0
5088161,0,0,1,0,270000.0,3,4,3,1,-12922.0,35,-3,1,0,0,0,3,1,0
5100394,1,0,1,1,315000.0,0,4,1,1,-12287.0,34,-11,1,0,0,0,3,3,0
5079035,0,0,1,0,135000.0,1,3,1,1,-22569.0,62,-4,1,0,0,0,3,2,0
5095631,1,1,0,1,180000.0,3,1,1,1,-11178.0,31,-1,1,0,0,0,4,3,0
5113647,0,0,1,0,225000.0,3,2,1,1,-12262.0,34,-1,1,0,0,1,10,2,0
5046336,0,0,0,1,85500.0,3,4,0,1,-10217.0,28,-2,1,1,0,0,0,3,0
5028781,0,0,1,0,135000.0,3,4,1,1,-15836.0,43,-8,1,0,0,0,3,2,0
5125730,0,1,1,1,119700.0,3,1,1,1,-13058.0,36,-9,1,0,1,0,3,3,0
5023724,1,1,0,1,495000.0,3,4,1,1,-10261.0,28,-1,1,0,1,0,8,3,0
5116369,1,0,1,0,112500.0,3,4,1,1,-19511.0,53,-10,1,0,0,0,4,2,0
5062214,0,0,1,2,153000.0,0,1,1,1,-13283.0,36,-4,1,0,0,0,0,4,0
5009023,0,0,1,2,216000.0,2,1,1,1,-15444.0,42,-9,1,0,0,1,3,4,0
5029191,0,0,1,0,202500.0,3,4,1,1,-16047.0,44,-8,1,0,0,0,14,2,0
5028946,0,0,1,0,90000.0,2,4,1,1,-17420.0,48,-1,1,0,0,0,3,2,0
5068470,0,0,0,1,108000.0,0,4,1,1,-15150.0,42,-2,1,0,0,0,11,3,0
5045828,0,0,1,0,270000.0,1,1,1,1,-22340.0,61,-4,1,0,0,0,3,2,0
5095930,0,0,0,0,76500.0,1,4,1,1,-20592.0,56,-4,1,0,1,0,3,2,0
5090049,0,0,1,0,69372.0,3,4,1,1,-15887.0,44,-1,1,1,1,0,8,2,0
5067730,0,0,1,1,135000.0,0,2,1,1,-10288.0,28,-7,1,1,1,0,10,3,0
5092239,0,0,0,0,117000.0,3,4,1,1,-20754.0,57,-6,1,0,0,0,3,2,0
5105560,0,0,1,0,202500.0,0,4,0,1,-16817.0,46,-12,1,0,0,1,14,2,0
5099914,0,0,1,2,126000.0,3,4,1,1,-10020.0,27,-4,1,1,1,0,14,4,0
5053032,0,0,1,0,135000.0,1,4,1,1,-20755.0,57,-4,1,0,0,0,3,2,0
5150038,1,0,0,0,180000.0,3,4,3,5,-12784.0,35,-4,1,0,0,0,4,1,0
5053678,0,1,1,0,225000.0,0,4,3,1,-12075.0,33,-4,1,0,1,0,6,1,0
5087538,1,0,1,0,81000.0,0,1,3,1,-9874.0,27,-5,1,0,1,0,8,1,0
5050440,0,1,1,1,157500.0,3,2,0,1,-13046.0,36,-8,1,0,0,0,3,3,0
5096670,0,0,0,0,90000.0,1,4,4,1,-21440.0,59,-4,1,0,1,0,3,1,0
5061611,1,1,1,1,225000.0,3,4,1,1,-11378.0,31,-2,1,0,1,0,4,3,0
5065342,0,0,1,0,157500.0,1,4,1,1,-22481.0,62,-4,1,0,1,0,3,2,0
5041066,0,0,1,0,103500.0,3,4,3,1,-17461.0,48,-6,1,0,0,0,14,1,0
5105819,1,1,0,2,202500.0,0,1,1,1,-11716.0,32,-1,1,0,0,0,10,4,0
5135460,0,0,1,3,37800.0,1,4,1,1,-13014.0,36,-4,1,0,0,0,3,5,0
5009319,0,1,0,0,135000.0,1,4,1,1,-20140.0,55,-4,1,0,1,1,3,2,0
5091006,0,0,1,0,157500.0,0,4,1,1,-17211.0,47,-9,1,0,0,0,8,2,0
5050852,1,0,0,0,180000.0,0,1,3,1,-9488.0,26,-4,1,0,0,0,6,1,0
5117202,0,0,1,0,135000.0,3,4,3,1,-13530.0,37,0,1,0,0,0,14,1,0
5074739,1,0,1,1,225000.0,3,1,1,1,-13198.0,36,-10,1,0,0,0,3,3,0
5009472,0,0,0,0,157500.0,3,4,1,1,-19702.0,54,-27,1,1,1,0,3,2,0
5135378,0,0,1,0,387000.0,0,4,1,1,-20082.0,55,-14,1,0,0,0,14,2,0
5135489,1,1,1,2,225000.0,3,4,1,1,-10380.0,28,-9,1,0,0,0,8,4,0
5067016,1,0,1,0,225000.0,3,4,3,1,-9926.0,27,-1,1,0,0,0,4,1,0
5024097,0,1,0,0,126000.0,2,2,3,1,-11978.0,33,-14,1,1,0,0,3,1,0
5008865,0,1,1,2,135000.0,3,4,1,1,-15761.0,43,-9,1,0,0,0,8,4,0
5116640,0,0,1,1,202500.0,3,4,1,1,-15804.0,43,-2,1,0,0,1,3,3,0
5089770,1,1,1,2,225000.0,3,4,1,1,-10796.0,30,-7,1,1,0,0,8,4,0
5009118,0,0,0,0,157500.0,0,1,2,5,-15737.0,43,-1,1,0,0,0,3,1,0
5042296,1,1,1,1,202500.0,3,4,1,1,-15207.0,42,-6,1,1,1,0,4,3,0
5010185,1,0,0,1,247500.0,3,4,3,1,-16797.0,46,-18,1,0,1,0,8,2,0
5090509,1,1,1,0,225000.0,0,1,1,1,-10791.0,30,0,1,0,0,0,10,2,0
5113006,1,1,0,1,112500.0,3,4,1,1,-19584.0,54,-6,1,0,0,0,8,3,0
5026368,1,0,1,1,112500.0,3,1,1,1,-13682.0,37,-15,1,1,1,0,3,3,0
5095905,0,0,0,0,135000.0,2,4,3,1,-15429.0,42,-4,1,0,0,0,3,1,0
5113440,0,0,1,0,207000.0,3,4,3,1,-18617.0,51,-7,1,0,0,0,2,1,0
5069289,0,0,1,0,270000.0,0,2,1,1,-14783.0,41,-9,1,0,0,0,3,2,0
5135938,0,1,0,2,315000.0,3,4,1,1,-15621.0,43,-10,1,0,0,0,14,4,0
5118026,0,0,0,0,315000.0,0,4,1,1,-13630.0,37,-9,1,0,1,0,6,2,0
5053524,0,0,1,0,112500.0,3,4,1,1,-14762.0,40,-7,1,0,1,0,10,2,0
5010567,0,1,1,0,121500.0,3,1,1,1,-10145.0,28,-5,1,0,0,1,14,2,0
5046003,0,0,1,1,225000.0,3,4,3,1,-15039.0,41,-9,1,0,1,0,12,2,0
5118225,1,1,0,0,225000.0,3,4,0,3,-20858.0,57,-9,1,0,0,0,8,2,0
5036187,0,1,1,1,157500.0,1,4,1,1,-20661.0,57,-4,1,0,1,0,3,3,0
5050635,0,0,0,0,225000.0,2,4,1,1,-13556.0,37,-8,1,0,0,0,10,2,0
5067444,0,1,1,0,135000.0,1,4,1,1,-22880.0,63,-4,1,0,0,0,3,2,0
5088805,1,1,1,0,225000.0,2,4,1,1,-13718.0,38,-10,1,1,1,0,6,2,0
5117331,0,1,1,0,270000.0,0,4,2,1,-15027.0,41,-6,1,0,1,0,14,1,0
5045113,0,0,1,0,202500.0,1,4,4,1,-21126.0,58,-4,1,0,0,0,3,1,0
5067281,1,0,1,1,135000.0,3,4,0,1,-13233.0,36,-7,1,0,0,0,3,3,0
5137385,0,0,0,0,112500.0,1,4,0,1,-23272.0,64,-4,1,0,1,0,3,2,0
5066832,0,1,1,0,157500.0,1,3,1,1,-21739.0,60,-4,1,0,0,0,3,2,0
5041520,1,1,1,0,450000.0,0,1,2,1,-16169.0,44,-2,1,1,1,0,3,1,0
5023092,0,0,0,0,202500.0,3,4,2,1,-16868.0,46,-11,1,0,0,0,8,1,0
5079016,1,1,1,2,900000.0,0,1,1,1,-9889.0,27,-3,1,0,0,0,10,4,0
5035682,0,1,1,0,135000.0,3,4,0,1,-16505.0,45,-23,1,0,0,0,8,2,0
5139761,1,1,1,0,337500.0,3,1,1,1,-23711.0,65,-21,1,0,0,0,8,2,0
5041681,0,0,0,0,94500.0,1,4,1,1,-16047.0,44,-4,1,0,1,0,3,2,0
5033906,1,1,1,0,90000.0,1,4,1,1,-18351.0,50,-4,1,0,0,0,3,2,0
5029251,1,0,1,0,157500.0,3,1,1,1,-14023.0,38,-12,1,1,0,0,8,2,0
5091824,1,0,1,0,270000.0,0,4,3,1,-14638.0,40,-16,1,0,0,0,8,1,0
5132569,0,0,1,1,112500.0,0,4,0,1,-14934.0,41,-4,1,0,1,0,14,3,0
5021490,1,0,1,0,135000.0,3,4,3,1,-10682.0,29,-2,1,0,1,0,14,1,0
5035859,0,0,1,0,270000.0,0,4,3,1,-21185.0,58,-7,1,0,0,0,0,1,0
5022025,1,1,1,0,112500.0,3,4,3,1,-9952.0,27,-4,1,0,0,0,3,1,0
5116613,1,0,1,0,225000.0,0,4,1,1,-11808.0,32,-10,1,0,0,0,3,2,0
5115884,0,0,1,0,54000.0,1,1,1,1,-24507.0,67,-4,1,0,0,0,3,2,0
5010303,0,0,1,0,189000.0,0,4,1,1,-20233.0,55,-17,1,1,1,0,3,2,0
5142496,0,1,1,1,135000.0,0,1,1,1,-15481.0,42,-8,1,0,0,0,12,3,0
5046398,0,0,1,0,157500.0,1,4,3,1,-24216.0,66,-4,1,0,0,0,3,1,0
5125585,0,0,1,0,121500.0,1,4,1,1,-22571.0,62,-4,1,0,1,0,3,2,0
5113302,1,0,1,1,180000.0,3,1,1,5,-15670.0,43,-5,1,0,0,0,2,3,0
5139321,0,0,1,0,121500.0,1,1,4,1,-24231.0,66,-4,1,0,0,0,3,1,0
5053918,0,1,0,0,225000.0,3,1,0,1,-14438.0,40,-7,1,0,0,0,10,2,0
5067102,0,0,0,0,180000.0,0,4,3,2,-16761.0,46,-12,1,0,0,0,14,1,0
5022118,1,0,1,0,315000.0,3,4,1,1,-19686.0,54,-3,1,0,0,0,8,2,0
5022954,1,1,1,0,112500.0,3,4,1,1,-18293.0,50,-1,1,1,0,0,3,2,0
5047667,0,0,0,0,90000.0,0,4,1,1,-8710.0,24,-1,1,0,0,0,3,2,0
5091718,0,1,1,0,90000.0,0,4,1,1,-14116.0,39,-6,1,0,0,0,11,2,0
5009586,0,0,0,0,45000.0,3,4,2,1,-14374.0,39,-2,1,0,1,0,14,1,0
5097170,1,1,1,0,180000.0,2,4,1,1,-9570.0,26,-7,1,0,0,0,4,2,0
5022015,1,1,1,0,112500.0,3,4,3,1,-9952.0,27,-4,1,0,0,0,3,1,0
5062594,1,1,1,1,135000.0,2,1,1,1,-8972.0,25,0,1,0,0,1,3,3,0
5028726,1,0,1,0,360000.0,0,4,1,1,-12483.0,34,-11,1,0,0,0,10,2,0
5033831,1,1,1,0,135000.0,3,1,0,1,-19322.0,53,-2,1,1,1,0,8,2,0
5046086,0,1,1,0,99000.0,3,4,1,1,-21030.0,58,-6,1,0,0,0,3,2,0
5135946,1,0,1,0,270000.0,3,1,3,1,-15222.0,42,-9,1,0,1,0,8,1,0
5149592,0,0,1,0,157500.0,3,1,1,1,-12289.0,34,-5,1,0,1,0,3,2,0
5024103,1,0,1,0,131558.82352941178,3,4,1,1,-20185.0,55,-7,1,0,0,0,16,2,0
5009845,1,1,0,0,180000.0,3,4,1,1,-15901.0,44,0,1,1,0,0,16,2,0
5117716,1,1,0,0,315000.0,3,4,1,1,-16675.0,46,-14,1,1,1,0,4,2,0
5096169,0,0,0,0,112500.0,0,4,1,1,-19601.0,54,-2,1,0,0,0,6,2,0
5139823,1,0,1,0,108000.0,3,4,1,1,-15997.0,44,-20,1,1,1,0,8,2,0
5067542,0,0,1,0,180000.0,0,4,1,1,-21180.0,58,-7,1,0,0,0,3,2,0
5090871,0,0,0,2,225000.0,3,4,1,1,-14172.0,39,-3,1,0,0,0,11,4,0
5033729,1,1,1,0,90000.0,3,4,1,1,-12019.0,33,-15,1,1,1,0,8,2,0
5037212,1,1,1,0,292500.0,2,1,1,1,-12678.0,35,-6,1,0,0,0,6,2,0
5116319,0,0,1,2,157500.0,3,4,1,1,-14212.0,39,-5,1,0,0,0,8,4,0
5146318,0,0,1,0,135000.0,3,4,2,1,-14760.0,40,-4,1,0,0,0,3,1,0
5042082,0,1,0,0,315000.0,0,1,1,1,-19495.0,53,-5,1,0,1,0,0,2,0
5091416,0,0,1,0,225000.0,3,1,1,1,-16202.0,44,-8,1,1,1,0,10,2,0
5041675,0,1,1,1,333000.0,0,1,1,1,-11525.0,32,-4,1,0,0,0,10,3,0
5048425,0,0,1,0,171000.0,3,4,3,1,-19881.0,54,-23,1,0,1,0,0,1,0
5145965,0,0,0,2,130500.0,3,4,1,1,-15436.0,42,-10,1,0,0,0,14,4,0
5126543,0,1,0,0,112500.0,3,4,1,1,-10238.0,28,-9,1,0,0,0,8,2,0
5033881,1,1,0,1,202500.0,0,2,1,1,-10780.0,30,-10,1,0,0,0,8,3,0
5068378,0,0,1,1,126000.0,3,1,1,1,-12662.0,35,-4,1,1,1,1,14,3,0
5029194,1,1,1,0,225000.0,3,4,1,1,-19293.0,53,-8,1,0,0,0,8,2,0
5010025,0,0,1,0,135000.0,3,4,1,1,-20782.0,57,-6,1,0,0,0,8,2,0
5091016,0,0,1,1,112500.0,3,4,1,1,-14284.0,39,-12,1,0,0,0,2,3,0
5149744,0,0,1,1,105750.0,3,4,1,5,-12753.0,35,-4,1,0,0,0,1,3,0
5117561,0,0,0,0,135000.0,3,4,1,1,-16047.0,44,-2,1,1,0,0,8,2,0
5089760,1,1,1,0,180000.0,2,1,3,1,-8190.0,22,-2,1,0,0,1,3,1,0
5053642,1,0,0,0,360000.0,0,1,1,1,-20354.0,56,-5,1,0,1,0,10,2,0
5089934,1,1,0,0,157500.0,0,4,1,1,-19170.0,53,-14,1,0,0,0,8,2,0
5143465,0,0,1,0,90000.0,1,4,3,1,-23262.0,64,-4,1,0,1,0,3,1,0
5125127,0,0,1,0,112500.0,3,4,3,1,-16098.0,44,-5,1,1,1,0,10,1,0
5113163,0,1,1,1,180000.0,3,4,1,1,-12579.0,34,-10,1,1,1,0,3,3,0
5116883,1,1,1,0,225000.0,3,4,1,1,-17779.0,49,-4,1,1,0,0,8,2,0
5037008,0,0,1,0,67500.0,1,4,3,1,-20456.0,56,-4,1,0,1,0,3,1,0
5090126,1,1,1,0,270000.0,3,4,3,1,-13805.0,38,-4,1,0,0,0,8,1,0
5036648,0,0,0,0,202500.0,0,1,1,1,-11328.0,31,-10,1,0,0,0,6,2,0
5090335,0,1,1,0,144000.0,0,4,0,1,-13095.0,36,-10,1,1,1,0,11,2,0
5053182,1,1,1,0,207000.0,1,1,1,1,-24312.0,67,-4,1,0,0,0,3,2,0
5114342,1,1,0,0,180000.0,0,4,1,2,-9810.0,27,-8,1,1,0,0,3,2,0
5024163,1,1,1,3,202500.0,3,4,1,1,-13350.0,37,-5,1,0,0,0,8,5,0
5115633,1,0,0,0,202500.0,3,4,0,1,-22800.0,62,0,1,0,0,0,4,2,0
5126311,1,0,0,0,180000.0,3,2,0,5,-7705.0,21,-1,1,1,0,1,3,2,0
5135779,0,0,1,0,126000.0,3,4,1,1,-23844.0,65,-6,1,0,1,0,0,2,0
5054697,1,1,1,0,157500.0,3,1,1,1,-16553.0,45,-19,1,0,0,0,8,2,0
5116343,1,1,1,1,225000.0,2,4,1,1,-11695.0,32,-11,1,1,0,0,8,3,0
5022800,0,1,1,0,202500.0,3,1,4,1,-11998.0,33,-4,1,0,0,0,10,1,0
5054348,0,0,0,0,103500.0,3,4,3,1,-12348.0,34,-1,1,1,1,0,14,1,0
5099980,1,0,1,0,90000.0,3,4,2,1,-15059.0,41,-3,1,0,0,0,9,1,0
5087829,1,0,1,0,135000.0,2,4,1,4,-10448.0,29,-6,1,1,0,1,3,2,0
5051050,1,1,0,0,67500.0,3,4,1,1,-22407.0,61,-6,1,0,0,0,8,2,0
5148872,0,0,1,0,135000.0,2,2,1,1,-15371.0,42,-9,1,0,0,0,3,2,0
5117323,0,0,1,1,382500.0,2,1,3,5,-12116.0,33,-2,1,0,0,0,10,2,0
5088101,0,1,1,0,270000.0,3,4,2,1,-16971.0,46,-1,1,0,0,0,3,1,0
5023587,1,0,0,0,202500.0,3,4,2,1,-14364.0,39,-17,1,0,0,0,8,1,0
5028547,1,1,0,1,292500.0,3,4,2,1,-12692.0,35,-3,1,0,1,0,8,2,0
5053636,0,0,0,0,225000.0,1,1,2,1,-21944.0,60,-4,1,0,0,0,3,1,0
5149402,0,0,0,1,135000.0,0,4,1,5,-13689.0,38,-3,1,0,0,0,14,3,0
5095554,0,0,0,0,76500.0,1,4,1,1,-23235.0,64,-4,1,0,1,0,3,2,0
5067090,1,0,0,0,180000.0,3,4,1,1,-13643.0,37,-13,1,0,1,0,8,2,0
5010865,1,1,1,1,450000.0,0,4,1,1,-18173.0,50,-2,1,0,1,1,3,3,0
5041147,0,0,1,0,90000.0,1,4,0,1,-23236.0,64,-4,1,0,0,0,3,2,0
5105555,0,0,1,0,157500.0,3,4,1,1,-19802.0,54,-12,1,0,0,0,8,2,0
5136976,0,0,0,0,306000.0,2,1,1,1,-12677.0,35,-15,1,0,0,0,11,2,0
5058366,0,0,0,0,90000.0,1,4,3,2,-20125.0,55,-4,1,0,0,0,3,1,0
5066458,0,1,1,0,135000.0,3,4,2,1,-16047.0,44,-4,1,0,0,0,8,1,0
5045844,0,1,0,0,193500.0,3,4,1,1,-20836.0,57,-25,1,0,0,0,3,2,0
5115814,1,0,1,3,180000.0,3,4,1,1,-14336.0,39,-19,1,0,0,0,8,5,0
5062362,0,0,1,0,270000.0,1,1,1,1,-20814.0,57,-4,1,0,0,0,3,2,0
5010596,0,0,1,0,112500.0,1,4,1,1,-22927.0,63,-4,1,0,0,0,3,2,0
5113472,1,0,1,0,202500.0,3,4,1,1,-19200.0,53,-1,1,0,1,0,6,2,0
5041535,0,0,1,0,180000.0,0,4,4,1,-19819.0,54,-4,1,0,1,0,8,1,0
5066617,0,0,1,0,139500.0,3,4,1,1,-18730.0,51,0,1,0,0,1,2,2,0
5126751,1,1,0,2,135000.0,3,4,1,5,-16625.0,46,-2,1,0,0,0,3,4,0
5009908,1,1,0,0,202500.0,3,4,1,1,-19120.0,52,-10,1,0,0,0,4,2,0
5068337,0,1,1,0,112500.0,3,1,1,1,-10101.0,28,-1,1,1,1,0,8,2,0
5105535,1,1,1,0,126000.0,1,4,2,1,-20309.0,56,-4,1,0,1,0,3,1,0
5061724,0,0,1,0,193500.0,1,2,4,1,-24295.0,67,-4,1,0,0,0,3,1,0
5028919,0,1,1,0,112500.0,3,4,1,1,-17202.0,47,-5,1,0,0,0,14,2,0
5035627,1,1,1,0,337500.0,3,1,1,1,-18110.0,50,-19,1,0,0,0,10,2,0
5074705,0,0,1,0,157500.0,3,1,3,1,-22235.0,61,-29,1,0,0,0,8,1,0
5114061,1,1,0,1,193500.0,3,1,1,1,-17932.0,49,-11,1,1,1,0,3,3,0
5100373,0,0,1,2,180000.0,0,4,1,1,-12848.0,35,-11,1,0,0,0,3,4,0
5112765,0,1,0,1,315000.0,0,1,1,1,-11025.0,30,-6,1,1,1,1,3,3,0
5045439,1,1,1,0,180000.0,1,1,1,1,-23546.0,65,-4,1,0,0,0,3,2,0
5113922,0,0,0,0,90000.0,1,4,3,2,-23478.0,64,-4,1,0,0,0,3,1,0
5037125,1,1,0,0,180000.0,3,1,1,5,-11664.0,32,-6,1,0,1,0,3,2,0
5029538,0,0,1,0,112500.0,3,1,0,1,-12783.0,35,-3,1,0,0,0,3,2,0
5010078,1,1,0,2,157500.0,3,4,1,2,-12518.0,34,-3,1,0,0,0,1,4,0
5085861,0,0,1,0,135000.0,3,4,1,1,-18199.0,50,-14,1,0,0,0,1,2,0
5009146,1,1,0,0,315000.0,3,1,1,1,-15825.0,43,-10,1,1,1,0,10,2,0
5149433,0,1,1,0,112500.0,3,4,4,1,-19584.0,54,-7,1,0,0,0,3,1,0
5061753,0,0,1,0,135000.0,1,4,1,1,-23035.0,63,-4,1,0,1,0,3,2,0
5143009,1,1,0,1,99000.0,1,4,1,1,-18692.0,51,-4,1,0,1,0,3,3,0
5079017,1,1,1,2,900000.0,0,1,1,1,-9889.0,27,-3,1,0,0,0,10,4,0
5096318,1,1,0,0,270000.0,0,1,3,1,-9517.0,26,0,1,0,0,0,3,1,0
5038615,0,0,0,1,112500.0,0,1,1,5,-12331.0,34,-9,1,0,0,0,3,3,0
5047670,0,0,0,1,180000.0,2,1,1,1,-14069.0,39,-7,1,1,1,1,3,3,0
5044987,0,0,1,0,141750.0,1,1,1,1,-20345.0,56,-4,1,0,1,0,3,2,0
5036828,0,0,1,0,180000.0,3,1,1,1,-19207.0,53,-12,1,0,0,0,14,2,0
5139892,0,0,1,0,112500.0,2,4,0,1,-18484.0,51,-17,1,0,1,0,11,2,0
5135446,0,0,1,1,225000.0,3,4,1,5,-10035.0,27,0,1,0,0,0,1,3,0
5095586,0,0,0,0,270000.0,3,2,0,1,-8784.0,24,-1,1,1,0,1,11,2,0
5068963,1,1,0,0,202500.0,3,1,1,1,-15181.0,42,-8,1,0,0,0,3,2,0
5022047,1,1,1,0,135000.0,3,4,1,3,-14917.0,41,-22,1,1,1,0,4,2,0
5048121,1,1,1,2,292500.0,0,4,1,1,-12091.0,33,-7,1,0,1,0,3,4,0
5117219,0,0,1,0,202500.0,3,4,0,1,-11107.0,30,-5,1,0,0,0,3,2,0
5009821,0,1,0,0,99000.0,3,4,1,1,-14883.0,41,-15,1,0,1,0,2,2,0
5033500,1,0,1,0,202500.0,0,4,1,1,-17578.0,48,-5,1,0,0,0,8,2,0
5058281,0,0,1,0,306000.0,0,1,1,1,-14897.0,41,-9,1,1,1,1,3,2,0
5054373,0,0,0,0,148500.0,1,4,4,1,-20723.0,57,-4,1,0,1,0,3,1,0
5142988,0,0,0,1,135000.0,3,1,1,1,-10567.0,29,-4,1,1,0,0,3,3,0
5137229,1,1,0,0,180000.0,0,4,1,2,-14084.0,39,-7,1,1,0,0,4,2,0
5113373,0,0,1,1,180000.0,1,1,1,1,-18979.0,52,-4,1,0,1,0,3,3,0
5053152,0,0,1,0,157500.0,1,4,4,1,-23774.0,65,-4,1,0,0,0,3,1,0
5090386,0,0,1,0,247500.0,0,1,3,1,-21537.0,59,-38,1,0,0,0,3,1,0
5142899,0,0,0,0,112500.0,0,1,3,5,-9052.0,25,-1,1,0,0,0,8,1,0
5113510,1,1,1,0,180000.0,3,4,1,1,-17176.0,47,0,1,0,0,0,8,2,0
5091457,0,0,1,2,103500.0,3,4,1,1,-16047.0,44,-18,1,1,1,0,11,4,0
5009791,0,0,0,0,198000.0,1,4,4,1,-22002.0,60,-4,1,0,1,0,3,1,0
5149484,0,1,1,1,135000.0,0,1,1,1,-11278.0,31,-7,1,0,0,0,3,3,0
5092221,1,0,0,0,67500.0,2,4,1,1,-11654.0,32,-8,1,0,0,0,8,2,0
5067003,1,1,1,0,202500.0,3,4,1,1,-18752.0,51,-33,1,0,1,0,8,2,0
5023838,0,1,0,0,315000.0,0,4,0,1,-19801.0,54,-3,1,0,1,0,3,2,0
5095433,0,0,1,0,292500.0,3,1,1,1,-18764.0,51,-25,1,0,0,0,6,2,0
5033797,0,1,1,0,148500.0,0,4,1,3,-17107.0,47,-6,1,0,0,0,3,2,0
5022803,0,1,1,0,202500.0,3,1,4,1,-11998.0,33,-4,1,0,0,0,10,1,0
5104953,1,1,1,0,180000.0,3,4,1,1,-21684.0,59,-7,1,0,0,0,4,2,0
5100098,0,0,1,0,90000.0,3,4,1,1,-10851.0,30,-2,1,0,0,0,3,2,0
5091792,1,1,1,1,135000.0,3,4,1,1,-15216.0,42,-8,1,1,0,0,9,3,0
5149805,0,0,1,0,135000.0,2,2,3,5,-9873.0,27,-6,1,0,1,1,3,1,0
5089681,0,0,0,0,261000.0,0,2,1,1,-10028.0,27,-3,1,1,0,0,3,2,0
5052678,0,0,1,1,135000.0,3,1,1,1,-15624.0,43,-22,1,1,1,0,6,3,0
5116809,0,0,1,0,112500.0,3,4,1,1,-18365.0,50,-2,1,0,0,0,6,2,0
5143353,1,1,0,0,135000.0,3,4,1,1,-10578.0,29,-4,1,1,0,0,14,2,0
5090232,0,0,1,0,135000.0,3,4,4,1,-21977.0,60,-26,1,0,0,0,6,1,0
5117095,1,1,1,0,360000.0,1,4,1,1,-14010.0,38,-4,1,0,0,0,3,2,0
5088987,0,0,0,2,171000.0,3,4,1,1,-14622.0,40,-3,1,1,1,0,3,4,0
5021584,0,0,0,1,40500.0,2,4,1,4,-13052.0,36,-5,1,0,0,0,2,3,0
5009291,0,0,0,0,130500.0,3,4,0,1,-15140.0,41,-13,1,0,1,0,1,2,0
5051007,0,0,0,0,306000.0,0,1,1,1,-10707.0,29,-4,1,0,0,0,10,2,0
5024263,0,1,0,0,202500.0,0,4,1,2,-21276.0,58,-3,1,0,1,0,0,2,0
5125771,0,0,1,0,112500.0,3,4,1,1,-23360.0,64,-1,1,0,0,0,3,2,0
5021879,1,1,0,2,112500.0,3,4,1,1,-13095.0,36,-1,1,0,1,0,8,4,0
5137247,0,0,0,0,90000.0,3,4,1,1,-17355.0,48,-9,1,1,1,0,15,2,0
5096336,0,1,0,0,153000.0,1,4,4,1,-23679.0,65,-4,1,0,1,0,3,1,0
5061762,0,1,0,1,135000.0,3,1,1,4,-11262.0,31,-2,1,0,0,1,0,3,0
5069117,0,0,1,0,180000.0,1,4,3,1,-20577.0,56,-4,1,0,0,0,3,1,0
5009579,0,0,0,0,112500.0,1,4,1,1,-21316.0,58,-4,1,0,0,0,3,2,0
5048319,0,0,0,0,90000.0,3,1,2,1,-21887.0,60,-4,1,0,0,0,3,1,0
5023389,1,1,1,2,157500.0,0,1,1,1,-13536.0,37,-6,1,0,0,0,3,4,0
5143457,1,1,1,0,247500.0,2,4,0,1,-11912.0,33,-5,1,0,0,0,6,2,0
5089225,1,0,0,0,112500.0,1,4,1,1,-23027.0,63,-4,1,0,1,0,3,2,0
5069257,0,1,1,1,67500.0,3,4,1,1,-12821.0,35,-3,1,0,1,1,8,3,0
5044939,1,0,1,2,360000.0,2,1,1,1,-16027.0,44,-15,1,0,1,0,10,4,0
5022730,1,1,0,3,360000.0,0,4,1,1,-15262.0,42,-5,1,0,0,0,10,5,0
5149413,0,0,1,2,315000.0,0,1,1,1,-10937.0,30,0,1,0,1,0,10,4,0
5062745,0,0,1,0,157500.0,3,4,1,1,-15035.0,41,-3,1,0,1,0,1,2,0
5105565,1,0,1,0,135000.0,1,4,0,1,-23094.0,63,-4,1,0,1,0,3,2,0
5114544,0,0,1,0,166500.0,3,2,1,1,-10794.0,30,-11,1,0,0,1,8,2,0
5100352,1,0,0,0,180000.0,3,4,1,1,-16047.0,44,-14,1,1,1,0,8,2,0
5078841,1,0,1,0,225000.0,3,4,1,1,-20298.0,56,-9,1,0,0,0,11,2,0
5117392,0,0,0,0,135000.0,0,2,3,1,-17615.0,48,-1,1,0,0,0,0,1,0
5022189,0,0,0,1,135000.0,0,4,2,1,-15170.0,42,-22,1,0,0,0,6,2,0
5105422,0,0,1,0,193500.0,3,4,3,1,-18449.0,51,-27,1,0,0,0,3,1,0
5143453,1,1,1,0,247500.0,2,4,0,1,-11912.0,33,-5,1,0,0,0,6,2,0
5067832,0,1,1,0,315000.0,3,1,1,1,-21377.0,59,-2,1,0,0,1,3,2,0
5090995,1,1,1,0,405000.0,3,1,1,1,-10323.0,28,-7,1,1,1,1,10,2,0
5089512,0,1,0,1,405000.0,3,4,1,4,-13810.0,38,-5,1,1,1,1,3,3,0
5116373,0,0,0,1,90000.0,3,4,1,5,-10092.0,28,-3,1,0,0,0,3,3,0
5149106,1,0,1,2,270000.0,3,4,1,1,-12488.0,34,-10,1,0,0,0,16,4,0
5091737,0,1,1,0,243000.0,3,4,3,1,-14716.0,40,-6,1,0,0,0,14,1,0
5052620,1,1,1,1,180000.0,0,4,1,1,-15988.0,44,-5,1,0,1,0,6,3,0
5087819,1,0,1,2,112500.0,3,4,1,1,-15788.0,43,-4,1,0,0,0,16,4,0
5139757,1,1,1,0,337500.0,3,1,1,1,-23711.0,65,-21,1,0,0,0,8,2,0
5113639,0,0,0,0,135000.0,1,1,1,2,-19700.0,54,-4,1,0,0,0,3,2,0
5052811,0,0,1,0,117000.0,3,4,1,1,-17189.0,47,-12,1,0,0,0,10,2,0
5095751,0,0,0,0,202500.0,3,4,1,5,-12869.0,35,-1,1,1,1,0,10,2,0
5096785,0,1,1,0,270000.0,1,4,1,1,-24194.0,66,-4,1,0,0,0,3,2,0
5062286,1,0,1,0,202500.0,0,4,1,1,-8353.0,23,-3,1,1,0,1,3,2,0
5090805,0,0,0,0,135000.0,3,4,3,1,-16814.0,46,-18,1,0,0,0,3,1,0
5079075,0,0,1,0,216000.0,3,4,1,1,-15569.0,43,-4,1,1,0,0,3,2,0
5146447,0,0,1,0,135000.0,3,4,4,1,-14394.0,39,-3,1,0,1,0,10,1,0
5051008,0,0,0,1,225000.0,0,4,1,1,-10448.0,29,-9,1,1,1,1,13,3,0
5100106,1,1,0,0,81000.0,3,4,1,1,-17660.0,48,-9,1,1,1,0,8,2,0
5094896,1,1,1,1,180000.0,3,4,0,1,-14136.0,39,-11,1,0,0,0,10,3,0
5050894,1,1,0,0,292500.0,1,4,1,1,-18875.0,52,-4,1,0,0,0,3,2,0
5054414,1,0,0,0,225000.0,0,1,1,5,-13021.0,36,-14,1,1,0,0,10,2,0
5025791,0,0,1,0,157500.0,3,4,1,1,-18506.0,51,-10,1,0,0,0,3,2,0
5067949,0,0,1,0,157500.0,0,4,3,1,-18133.0,50,-10,1,0,1,1,3,1,0
5142482,1,1,0,2,166500.0,0,1,1,1,-12312.0,34,-3,1,0,0,0,3,4,0
5041271,1,0,1,0,445500.0,0,1,2,1,-19298.0,53,-7,1,0,0,0,3,1,0
5115957,0,1,1,0,180000.0,3,4,4,1,-15494.0,42,-12,1,0,0,0,14,1,0
5010881,0,0,1,0,45000.0,1,4,1,1,-20688.0,57,-4,1,0,1,0,3,2,0
5029423,0,0,1,1,315000.0,2,4,0,1,-11206.0,31,-7,1,0,0,1,3,3,0
5105159,1,0,1,2,450000.0,0,1,1,1,-12238.0,34,-6,1,1,1,0,10,4,0
5029610,0,1,1,0,180000.0,0,1,3,1,-15161.0,42,-20,1,0,0,0,3,1,0
5117450,0,0,0,2,90000.0,3,4,1,1,-11863.0,33,0,1,1,0,0,3,4,0
5143620,0,0,1,0,153382.3096153846,1,4,1,1,-23208.0,64,-4,1,0,1,0,3,2,0
5023949,1,1,1,1,148500.0,3,4,1,1,-14962.0,41,-14,1,0,0,0,8,3,0
5089737,0,1,0,0,135000.0,3,4,1,1,-19010.0,52,-19,1,1,1,0,1,2,0
5143402,1,1,1,0,144000.0,0,1,1,1,-19270.0,53,-6,1,0,1,0,10,2,0
5041921,1,0,0,0,135000.0,1,4,1,1,-16047.0,44,-4,1,0,1,0,3,2,0
5136909,1,0,0,1,360000.0,3,4,1,1,-15244.0,42,-8,1,1,0,1,10,3,0
5143596,0,0,0,0,90000.0,3,4,0,1,-11639.0,32,-9,1,1,0,0,17,2,0
5095939,1,0,0,0,157500.0,3,4,1,1,-17340.0,48,-10,1,0,1,0,10,2,0
5113343,1,0,1,2,135000.0,3,4,1,1,-11462.0,31,-13,1,0,0,0,8,4,0
5142920,0,0,0,1,292500.0,3,2,1,1,-12454.0,34,-11,1,1,1,0,14,3,0
5114294,0,0,0,0,112500.0,2,4,4,1,-19295.0,53,-14,1,1,0,0,3,1,0
5088055,0,0,1,0,216000.0,3,4,3,1,-17937.0,49,-8,1,0,0,0,11,1,0
5142815,1,1,0,0,126000.0,0,2,1,1,-10359.0,28,-8,1,0,1,0,8,2,0
5054460,1,1,0,1,135000.0,3,4,1,1,-18934.0,52,-5,1,0,1,0,8,3,0
5113134,0,0,1,0,189000.0,1,2,4,1,-21845.0,60,-4,1,0,0,0,3,1,0
5069380,1,0,1,0,337500.0,3,4,3,1,-16717.0,46,-3,1,0,0,0,6,1,0
5065798,0,0,1,0,44550.0,1,4,1,1,-22911.0,63,-4,1,0,0,0,3,2,0
5036396,0,1,1,0,112500.0,3,4,0,1,-13686.0,37,-3,1,0,0,0,2,2,0
5148535,0,0,1,1,157500.0,3,4,1,1,-10473.0,29,-5,1,0,1,0,3,3,0
5105436,1,0,1,2,112500.0,3,4,0,1,-14358.0,39,-6,1,0,0,0,3,4,0
5105412,0,0,1,2,135000.0,3,4,1,1,-12760.0,35,-4,1,0,0,0,3,4,0
5026177,1,1,1,0,135000.0,3,4,1,1,-19171.0,53,-21,1,1,0,0,8,2,0
5142584,1,1,1,0,301500.0,3,4,1,4,-9009.0,25,-2,1,0,0,0,8,2,0
5054297,0,1,0,0,112500.0,3,4,1,1,-14060.0,39,-20,1,1,0,0,2,2,0
5118108,1,1,0,0,90000.0,3,4,3,1,-8304.0,23,-3,1,1,0,0,8,1,0
5054106,0,0,0,0,67500.0,1,4,2,1,-21516.0,59,-4,1,0,0,0,3,1,0
5010683,1,1,1,0,292500.0,3,1,1,1,-10297.0,28,-6,1,0,0,0,10,2,0
5045850,0,1,1,2,315000.0,0,1,1,5,-12621.0,35,-4,1,0,0,0,10,4,0
5058371,0,0,1,0,117000.0,3,4,1,1,-17468.0,48,-1,1,1,1,0,3,2,0
5068147,0,0,1,0,157500.0,1,4,3,1,-20441.0,56,-4,1,0,0,0,3,1,0
5137187,0,1,0,0,67500.0,3,4,1,1,-11405.0,31,-5,1,1,0,0,3,2,0
5139859,1,1,1,0,189000.0,1,4,2,1,-20011.0,55,-4,1,0,0,0,3,1,0
5095873,0,0,0,0,202500.0,3,1,0,1,-15309.0,42,-14,1,1,1,0,3,2,0
5126809,1,0,1,1,157500.0,0,4,1,1,-10676.0,29,-6,1,0,1,1,8,3,0
5096604,0,1,0,1,225000.0,3,1,0,1,-13528.0,37,-3,1,1,1,0,3,3,0
5036765,0,0,0,1,112500.0,3,4,1,1,-12834.0,35,-3,1,0,0,1,8,3,0
5091880,0,1,1,0,202500.0,0,4,1,1,-18463.0,51,-19,1,0,0,0,0,2,0
5090082,1,0,0,0,180000.0,0,4,1,1,-15051.0,41,-5,1,0,0,0,3,2,0
5061481,0,0,1,1,225000.0,0,1,1,1,-9615.0,26,-6,1,0,0,1,10,3,0
5125235,0,0,1,2,157500.0,0,1,1,1,-13766.0,38,0,1,0,0,0,6,4,0
5089474,1,0,0,0,180000.0,3,1,1,1,-14344.0,39,-9,1,0,0,0,8,2,0
5126021,0,0,0,1,112500.0,3,4,0,1,-14788.0,41,-7,1,1,1,0,3,3,0
5114630,0,0,1,0,81000.0,3,4,1,1,-19738.0,54,-1,1,1,0,0,14,2,0
5010225,0,1,1,1,90000.0,2,4,1,1,-17532.0,48,-22,1,0,0,0,11,3,0
5118526,0,0,1,0,180000.0,0,1,1,1,-22190.0,61,-1,1,0,0,0,3,2,0
5061340,0,0,1,0,94500.0,1,4,4,1,-24302.0,67,-4,1,0,0,0,3,1,0
5118527,0,0,1,0,180000.0,0,1,1,1,-22190.0,61,-1,1,0,0,0,3,2,0
5090186,1,1,1,0,450000.0,1,1,1,1,-23451.0,64,-4,1,0,0,0,3,2,0
5089596,1,1,0,0,315000.0,0,4,0,1,-14011.0,38,-3,1,0,0,0,10,2,0
5066865,0,0,1,2,54000.0,3,4,1,1,-9905.0,27,-2,1,0,0,0,14,4,0
5061832,0,0,1,0,112500.0,1,4,1,1,-22616.0,62,-4,1,0,0,0,3,2,0
5009941,0,0,1,2,157500.0,3,4,1,1,-10710.0,29,-6,1,0,0,0,14,4,0
5052731,0,0,1,0,180000.0,0,4,0,1,-13812.0,38,-3,1,0,0,0,8,2,0
5137175,0,0,0,0,225000.0,3,4,1,1,-20142.0,55,-10,1,1,1,0,14,2,0
5045614,1,1,1,1,360000.0,3,1,1,1,-15556.0,43,-4,1,0,0,0,4,3,0
5067926,0,0,1,0,112500.0,1,4,4,1,-22743.0,62,-4,1,0,0,0,3,1,0
5047870,1,1,1,1,292500.0,0,1,1,1,-12569.0,34,-9,1,0,0,0,3,3,0
5025161,1,0,0,0,360000.0,3,4,0,1,-12523.0,34,-14,1,0,0,0,8,2,0
5145694,1,1,1,0,225000.0,3,1,3,5,-9444.0,26,-2,1,1,1,0,3,1,0
5113455,0,0,1,1,126000.0,0,4,1,1,-18140.0,50,-11,1,0,0,0,8,3,0
5150164,0,0,0,0,135000.0,1,4,4,2,-23643.0,65,-4,1,0,1,0,3,1,0
5126321,0,0,0,0,270000.0,3,4,1,1,-17778.0,49,-5,1,1,1,0,6,2,0
5088450,0,0,1,0,157500.0,2,4,4,1,-22887.0,63,-6,1,0,1,0,4,1,0
5068631,0,1,1,0,216000.0,3,4,1,1,-21216.0,58,-10,1,0,0,0,10,2,0
5021693,1,1,1,2,337500.0,3,2,1,1,-12418.0,34,-5,1,0,1,0,8,4,0
5111172,1,1,1,0,225000.0,3,1,1,4,-10602.0,29,-1,1,0,0,0,14,2,0
5029184,0,0,1,1,108000.0,3,4,1,1,-15973.0,44,-13,1,0,0,0,8,3,0
5069051,1,1,0,0,225000.0,0,4,1,1,-17762.0,49,-7,1,0,0,0,8,2,0
5046379,0,0,0,0,180000.0,3,2,1,1,-19558.0,54,-5,1,0,0,0,8,2,0
5118477,0,0,1,0,180000.0,3,4,1,1,-17386.0,48,-2,1,0,0,0,8,2,0
5106118,0,1,1,1,135000.0,3,1,1,1,-13467.0,37,-1,1,0,0,0,3,3,0
5024148,0,1,0,0,180000.0,3,1,1,5,-11380.0,31,-3,1,1,1,0,0,2,0
5112966,0,0,0,0,112500.0,3,4,1,1,-18805.0,52,-29,1,0,1,0,3,2,0
5089240,0,0,0,0,270000.0,2,4,2,1,-19363.0,53,-34,1,0,1,1,11,1,0
5067262,0,1,1,0,270000.0,3,4,1,1,-19982.0,55,-5,1,0,1,0,3,2,0
5045255,0,0,1,1,270000.0,3,4,1,1,-20854.0,57,-10,1,0,0,0,3,3,0
5044478,0,0,0,0,135000.0,3,4,1,1,-16047.0,44,-6,1,0,0,0,3,2,0
5136020,1,1,0,1,351000.0,0,4,1,1,-16143.0,44,-23,1,0,0,0,12,3,0
5033418,1,1,0,0,202500.0,0,4,1,1,-10756.0,29,-6,1,0,1,0,10,2,0
5021737,0,0,1,0,189000.0,1,4,4,1,-20858.0,57,-4,1,0,0,0,3,1,0
5023231,1,1,1,0,270000.0,3,4,2,1,-17376.0,48,-4,1,0,0,0,8,1,0
5029225,0,1,1,0,144000.0,1,4,0,1,-21406.0,59,-4,1,0,1,0,3,2,0
5028909,0,0,0,0,67500.0,3,4,1,1,-9963.0,27,-5,1,0,0,0,14,2,0
5090793,0,0,1,0,247500.0,3,1,1,1,-14020.0,38,-10,1,0,1,0,3,2,0
5126517,1,1,0,0,157500.0,3,1,1,1,-20516.0,56,-6,1,0,1,0,8,2,0
5146114,0,0,1,0,157500.0,2,1,2,1,-20763.0,57,-31,1,0,1,0,3,1,0
5146034,1,0,1,0,157500.0,3,4,3,1,-17111.0,47,-11,1,0,0,0,2,1,0
5142972,1,0,0,1,180000.0,3,4,3,1,-10656.0,29,-3,1,1,1,0,8,3,0
5028569,0,1,1,0,315000.0,0,4,1,1,-15653.0,43,-15,1,0,0,1,3,2,0
5114032,0,0,0,0,99000.0,3,1,1,1,-14661.0,40,-15,1,0,0,0,3,2,0
5085826,0,0,0,0,351000.0,0,1,1,1,-21574.0,59,-3,1,0,1,0,3,2,0
5053089,0,0,0,0,175500.0,3,4,3,1,-18643.0,51,-2,1,0,0,0,6,1,0
5117753,1,1,0,0,306000.0,3,4,1,1,-16011.0,44,-5,1,0,0,0,10,2,0
5126826,0,0,0,1,157500.0,3,4,0,5,-11680.0,32,-10,1,0,0,0,14,3,0
5018505,0,0,0,0,58500.0,1,4,1,1,-20970.0,57,-4,1,0,0,0,3,2,0
5067893,1,1,1,0,292500.0,3,4,1,4,-17011.0,47,-2,1,0,0,0,3,2,0
5048305,0,0,0,0,173412.7232142857,3,1,2,1,-21887.0,60,-4,1,0,0,0,3,1,0
5135531,1,1,1,0,225000.0,3,4,2,1,-13867.0,38,-5,1,0,0,0,4,1,0
5067019,0,1,1,1,247500.0,3,4,0,1,-17152.0,47,-3,1,0,0,1,8,3,0
5115671,1,1,1,1,189000.0,3,1,1,1,-13317.0,36,-10,1,0,0,0,6,3,0
5136985,1,1,0,0,247500.0,3,4,3,1,-12340.0,34,-9,1,1,0,0,10,1,0
5126687,0,0,1,0,90000.0,3,4,1,1,-19899.0,55,-9,1,1,0,0,3,2,0
5058509,0,0,1,0,148500.0,1,4,1,1,-22774.0,62,-4,1,0,0,0,3,2,0
5045513,1,1,0,1,180000.0,3,4,1,1,-11498.0,32,-12,1,0,0,0,3,3,0
5021730,0,1,1,1,180000.0,0,4,1,1,-16971.0,46,-4,1,0,0,1,1,3,0
5048542,0,0,1,0,121900.5,1,4,1,1,-15946.0,44,-4,1,0,0,0,3,2,0
5096342,0,0,0,0,112500.0,3,4,1,2,-11688.0,32,-3,1,1,0,0,8,2,0
5021293,0,1,1,1,180000.0,0,1,1,1,-11901.0,33,-1,1,0,0,1,3,3,0
5143079,0,1,0,0,225000.0,0,4,1,1,-13926.0,38,-1,1,0,0,0,14,2,0
5116478,1,1,1,2,450000.0,0,4,1,1,-13383.0,37,-1,1,0,1,0,4,4,0
5062294,0,1,1,0,225000.0,3,1,1,1,-17795.0,49,-7,1,0,0,1,10,2,0
5091222,0,0,1,3,135000.0,3,4,1,1,-14838.0,41,-4,1,0,0,0,8,5,0
5089887,0,0,1,0,157500.0,3,1,1,1,-10662.0,29,-4,1,0,0,0,14,2,0
5090790,0,1,1,0,238500.0,3,1,1,1,-15203.0,42,-19,1,0,0,0,11,2,0
5146429,1,1,0,0,261000.0,0,2,0,5,-8897.0,24,-2,1,0,0,0,14,2,0
5069292,0,1,1,1,180000.0,0,4,1,1,-15461.0,42,-7,1,1,1,0,10,3,0
5054407,1,0,0,0,225000.0,0,1,1,5,-13021.0,36,-14,1,1,0,0,10,2,0
5028616,1,0,1,1,135000.0,3,1,1,1,-9403.0,26,-5,1,1,1,0,6,3,0
5036319,0,0,1,0,112500.0,0,4,3,1,-17993.0,49,-2,1,0,0,0,16,1,0
5116606,1,1,1,0,180000.0,3,2,1,1,-17115.0,47,-13,1,0,1,0,8,2,0
5089218,0,1,0,1,171000.0,3,4,0,1,-14017.0,38,-18,1,1,1,0,11,3,0
5068648,1,0,1,0,135000.0,3,4,3,5,-11344.0,31,-3,1,0,0,0,4,1,0
5143560,1,0,0,2,202500.0,3,4,1,5,-10954.0,30,-2,1,0,0,0,4,4,0
5024925,0,0,0,0,33750.0,1,1,1,1,-19054.0,52,-4,1,0,0,0,3,2,0
5029082,0,0,1,0,135000.0,1,4,4,1,-22017.0,60,-4,1,0,1,0,3,1,0
5116633,0,0,1,0,135000.0,1,1,3,1,-22501.0,62,-4,1,0,0,0,3,1,0
5126518,1,1,0,0,157500.0,3,1,1,1,-20516.0,56,-6,1,0,1,0,8,2,0
5104945,0,0,1,3,67500.0,0,4,1,1,-16694.0,46,-1,1,1,1,0,14,5,0
5116991,1,1,1,0,135000.0,3,4,1,1,-14495.0,40,-10,1,0,1,0,8,2,0
5096340,0,1,0,0,153000.0,1,4,4,1,-23679.0,65,-4,1,0,1,0,3,1,0
5024670,0,0,1,1,180000.0,3,1,2,1,-15113.0,41,-4,1,0,0,0,5,2,0
5062095,1,1,0,0,180000.0,3,4,3,1,-10171.0,28,-5,1,1,1,0,6,1,0
5079057,1,1,0,0,121500.0,3,4,1,1,-14869.0,41,-19,1,0,1,0,8,2,0
5041881,1,0,0,0,112500.0,3,4,0,4,-14778.0,40,-7,1,0,0,0,3,2,0
5053117,1,1,0,1,270000.0,0,4,0,1,-13534.0,37,-4,1,0,0,0,3,3,0
5115921,1,1,1,0,360000.0,0,4,1,1,-15344.0,42,-1,1,0,0,0,4,2,0
5150221,1,1,1,0,116100.0,3,4,1,1,-10136.0,28,-7,1,0,0,0,8,2,0
5026166,1,1,1,0,225000.0,1,1,1,1,-24166.0,66,-4,1,0,0,0,3,2,0
5100171,1,1,1,0,450000.0,1,1,1,1,-17296.0,47,-4,1,0,0,0,3,2,0
5126294,1,0,0,0,225000.0,3,4,1,1,-21149.0,58,-33,1,1,0,0,8,2,0
5149980,0,0,1,1,405000.0,2,1,1,1,-12732.0,35,-12,1,0,0,0,3,3,0
5089580,0,1,0,0,112500.0,2,4,1,1,-11664.0,32,-1,1,1,1,0,3,2,0
5041320,0,0,0,0,157500.0,3,1,3,3,-18973.0,52,-9,1,0,0,0,8,1,0
5105499,0,0,1,0,202500.0,3,1,1,1,-10669.0,29,-4,1,0,0,0,3,2,0
5095514,1,1,1,0,297000.0,3,4,1,1,-20509.0,56,-3,1,0,1,0,3,2,0
5089275,0,1,0,0,315000.0,3,1,1,1,-13592.0,37,-10,1,0,1,1,0,2,0
5069066,1,0,1,0,202500.0,3,4,3,1,-9743.0,27,-8,1,0,0,0,8,1,0
5125542,1,0,0,0,180000.0,3,1,1,5,-13484.0,37,-7,1,1,1,0,6,2,0
5095033,1,1,1,0,202500.0,0,1,1,1,-15406.0,42,-4,1,0,0,0,4,2,0
5142163,1,0,1,1,360000.0,3,4,0,1,-11524.0,32,-7,1,0,0,0,14,3,0
5029529,1,1,1,0,112500.0,1,3,1,1,-21719.0,60,-4,1,0,1,0,3,2,0
5090493,0,0,0,0,121500.0,1,4,1,1,-21310.0,58,-4,1,0,0,0,3,2,0
5105291,0,0,0,0,112500.0,3,4,4,5,-10240.0,28,-2,1,1,1,0,3,1,0
5116005,1,1,1,1,900000.0,0,1,0,1,-16923.0,46,-7,1,0,0,0,6,3,0
5115679,1,0,1,0,112500.0,1,4,1,1,-22442.0,61,-4,1,0,1,0,3,2,0
5061500,0,0,1,1,135000.0,3,2,1,1,-15948.0,44,-26,1,0,0,0,3,3,0
5045380,1,1,1,0,261000.0,3,2,1,1,-15936.0,44,-4,1,0,1,0,10,2,0
5041355,1,1,1,0,121500.0,1,1,1,1,-24261.0,66,-4,1,0,1,0,3,2,0
5113057,0,1,0,0,202500.0,0,2,2,1,-14096.0,39,-4,1,0,1,1,0,1,0
5148981,0,1,1,0,94500.0,3,4,1,1,-18095.0,50,-28,1,0,0,0,6,2,0
5010238,1,1,1,0,225000.0,3,4,1,1,-16507.0,45,-12,1,0,0,0,4,2,0
5024604,0,0,1,0,630000.0,1,4,3,1,-21982.0,60,-4,1,0,1,0,3,1,0
5090705,0,0,0,0,202500.0,1,1,3,1,-23290.0,64,-4,1,0,0,0,3,1,0
5050724,0,1,0,0,360000.0,3,1,1,1,-12845.0,35,-6,1,1,1,0,0,2,0
5142781,1,1,0,2,157500.0,3,4,2,5,-13979.0,38,-4,1,0,0,0,8,3,0
5114643,0,1,0,0,247500.0,3,4,2,1,-13546.0,37,-6,1,0,0,0,8,1,0
5087536,1,0,1,0,81000.0,0,1,3,1,-9874.0,27,-5,1,0,1,0,8,1,0
5053744,0,0,1,0,360000.0,2,1,1,1,-16182.0,44,-9,1,0,1,0,10,2,0
5117698,1,1,0,0,315000.0,3,1,1,1,-20319.0,56,-11,1,1,0,0,3,2,0
5118560,0,0,1,0,126000.0,3,4,3,1,-16849.0,46,-8,1,0,1,0,2,1,0
5054496,0,1,1,0,225000.0,0,1,2,1,-12102.0,33,-3,1,0,0,0,17,1,0
5033895,0,0,0,2,135000.0,3,4,1,5,-11296.0,31,-5,1,0,0,0,3,4,0
5033659,1,0,1,0,225000.0,0,4,1,1,-19103.0,52,-10,1,0,0,0,8,2,0
5062205,0,0,1,0,112500.0,0,1,1,1,-17472.0,48,-3,1,1,1,0,3,2,0
5056237,0,0,1,0,40500.0,3,4,1,1,-12729.0,35,-14,1,1,0,0,1,2,0
5061773,0,0,1,0,157500.0,1,4,2,1,-21049.0,58,-4,1,0,0,0,3,1,0
5135863,0,0,1,2,67500.0,3,4,1,1,-12226.0,33,-2,1,0,0,0,14,4,0
5050793,0,0,0,0,315000.0,2,1,1,1,-21247.0,58,-18,1,0,0,0,3,2,0
5091057,0,0,1,2,270000.0,0,1,1,1,-15438.0,42,-6,1,0,0,1,15,4,0
5149368,0,0,1,0,180000.0,1,4,0,1,-21369.0,59,-4,1,0,1,0,3,2,0
5053156,0,0,1,0,157500.0,1,4,4,1,-23774.0,65,-4,1,0,0,0,3,1,0
5091651,0,1,1,1,252000.0,0,4,2,1,-10707.0,29,-2,1,0,0,0,3,2,0
5118545,0,1,0,0,270000.0,3,4,1,1,-18279.0,50,-5,1,0,1,0,14,2,0
5024592,1,1,1,0,157500.0,3,4,1,5,-8893.0,24,-4,1,1,0,0,4,2,0
5125804,0,0,1,0,270000.0,3,4,2,1,-18340.0,50,-6,1,0,0,1,8,1,0
5024726,1,0,1,0,162000.0,1,1,1,1,-23273.0,64,-4,1,0,1,0,3,2,0
5142448,1,1,1,0,315000.0,3,2,1,1,-16047.0,44,-4,1,0,0,0,10,2,0
5033728,0,1,1,1,202500.0,3,4,1,1,-13666.0,37,-6,1,1,1,0,3,3,0
5149327,0,1,1,1,180000.0,3,1,2,1,-18838.0,52,-16,1,0,0,0,10,2,0
5024033,0,0,1,2,112500.0,3,4,1,5,-14612.0,40,-1,1,0,0,0,3,4,0
5113841,0,0,1,0,135000.0,0,1,1,1,-8961.0,25,-3,1,1,0,1,3,2,0
5022918,0,0,1,0,225000.0,3,1,3,1,-12195.0,33,-7,1,0,1,0,10,1,0
5142649,1,1,0,0,157500.0,3,4,0,1,-17575.0,48,-6,1,0,1,0,8,2,0
5048276,0,1,0,1,112500.0,3,1,3,1,-10028.0,27,-4,1,0,0,0,3,2,0
5022612,1,1,1,1,202500.0,3,4,1,1,-10144.0,28,-2,1,0,0,0,8,3,0
5028446,0,1,1,0,162000.0,3,4,3,1,-18071.0,50,-8,1,0,0,0,8,1,0
5113556,1,1,1,0,450000.0,0,4,1,1,-18318.0,50,-3,1,0,1,1,4,2,0
5091894,1,0,0,0,157500.0,0,1,3,1,-10192.0,28,-4,1,0,0,0,14,1,0
5025181,0,0,0,0,270000.0,0,4,3,1,-22829.0,63,-7,1,0,0,0,6,1,0
5091795,0,1,0,1,90000.0,3,4,1,1,-15179.0,42,-3,1,0,0,0,8,3,0
5022343,0,0,1,0,67500.0,1,4,4,1,-23498.0,64,-4,1,0,0,0,3,1,0
5065704,1,1,1,0,225000.0,1,4,3,1,-17454.0,48,-4,1,0,1,0,3,1,0
5068511,0,0,1,0,135000.0,0,4,1,1,-15875.0,43,-8,1,1,1,0,3,2,0
5053941,0,0,0,0,135000.0,1,4,4,1,-21100.0,58,-4,1,0,1,0,3,1,0
5036926,0,1,1,0,157500.0,0,4,1,1,-11907.0,33,-8,1,1,1,1,3,2,0
5114138,0,0,0,2,180000.0,2,4,1,3,-11176.0,31,-8,1,1,0,0,8,4,0
5142595,1,1,1,0,418500.0,3,1,1,1,-19038.0,52,0,1,0,1,0,3,2,0
5052883,1,1,1,0,225000.0,3,4,1,1,-17915.0,49,-9,1,0,0,0,4,2,0
5068019,1,1,1,0,135000.0,3,4,1,1,-15438.0,42,-9,1,0,0,0,8,2,0
5146024,0,0,1,0,360000.0,0,1,1,1,-11089.0,30,-11,1,0,1,0,3,2,0
5036093,0,0,1,0,135000.0,3,4,1,1,-21694.0,59,-9,1,1,0,0,16,2,0
5068339,0,1,1,0,112500.0,3,1,1,1,-10101.0,28,-1,1,1,1,0,8,2,0
5095020,0,0,1,0,225000.0,0,4,0,1,-13046.0,36,-2,1,0,0,0,3,2,0
5105185,1,0,1,0,180000.0,3,4,1,1,-16165.0,44,-2,1,1,0,0,8,2,0
5117216,0,0,1,0,202500.0,3,4,0,1,-11107.0,30,-5,1,0,0,0,3,2,0
5089632,0,0,0,0,315000.0,0,1,1,1,-16188.0,44,-1,1,1,1,1,14,2,0
5100464,1,1,1,1,315000.0,3,1,1,1,-17318.0,47,-2,1,0,1,0,8,3,0
5028930,0,1,1,0,112500.0,3,4,1,1,-17202.0,47,-5,1,0,0,0,14,2,0
5036412,0,0,1,0,83250.0,1,4,0,1,-20219.0,55,-4,1,0,1,0,3,2,0
5116643,0,0,1,0,261000.0,3,4,1,1,-20047.0,55,-7,1,0,0,0,8,2,0
5091766,1,0,1,0,247500.0,3,4,1,1,-17454.0,48,-6,1,0,0,0,8,2,0
5067961,1,1,1,0,360000.0,3,1,1,1,-22111.0,61,-11,1,0,0,0,10,2,0
5033814,0,0,1,0,135000.0,3,4,1,1,-13153.0,36,-3,1,0,0,0,8,2,0
5113847,0,0,1,0,225000.0,3,4,4,1,-19890.0,54,-7,1,1,0,0,6,1,0
5142239,0,1,1,0,270000.0,2,1,1,1,-16421.0,45,-23,1,0,0,0,10,2,0
5117182,1,1,0,0,112500.0,1,4,1,1,-20570.0,56,-4,1,0,0,0,3,2,0
5126308,0,0,0,0,112500.0,3,1,3,0,-12788.0,35,-1,1,1,1,0,3,1,0
5142118,1,0,0,1,225000.0,3,1,1,1,-18093.0,50,-7,1,0,0,0,10,3,0
5068196,1,1,1,0,173250.0,3,4,0,1,-16273.0,45,-6,1,1,0,0,4,2,0
5068692,1,0,1,0,148500.0,3,4,3,1,-11819.0,32,-3,1,0,0,0,8,1,0
5085780,1,0,1,0,315000.0,0,4,0,1,-17995.0,49,-11,1,0,0,0,10,2,0
5096095,0,0,0,1,135000.0,3,4,1,1,-10728.0,29,-4,1,1,1,0,0,3,0
5046093,0,0,1,0,157500.0,1,4,4,1,-23596.0,65,-4,1,0,0,0,3,1,0
5142599,0,0,1,2,76500.0,2,1,1,1,-14595.0,40,-6,1,0,0,0,3,4,0
5045742,1,1,0,0,225000.0,0,1,1,1,-13271.0,36,-4,1,0,0,0,3,2,0
5053173,0,1,1,0,157500.0,3,4,1,1,-16712.0,46,-7,1,0,0,0,3,2,0
5074735,1,1,1,2,216000.0,2,1,1,1,-11121.0,30,-7,1,0,0,0,6,4,0
5036996,0,0,1,0,90000.0,1,4,2,1,-21117.0,58,-4,1,0,1,0,3,1,0
5146410,1,0,1,0,211500.0,3,4,3,1,-10072.0,28,-3,1,1,1,0,3,1,0
5054097,1,1,0,2,202500.0,3,1,1,1,-11736.0,32,-2,1,0,0,0,4,4,0
5050975,0,0,0,1,112500.0,2,4,3,1,-15964.0,44,-21,1,0,0,0,3,2,0
5068340,0,1,1,0,112500.0,3,1,1,1,-10101.0,28,-1,1,1,1,0,8,2,0
5037254,1,0,0,0,166500.0,3,4,3,1,-8401.0,23,-1,1,0,0,1,8,1,0
5091921,0,0,1,2,72000.0,3,4,1,1,-15368.0,42,-15,1,1,1,0,11,4,0
5139729,0,0,1,0,135000.0,3,4,1,1,-20463.0,56,-6,1,0,0,0,1,2,0
5117605,0,0,0,0,157500.0,3,1,1,1,-14098.0,39,-6,1,0,0,0,3,2,0
5029152,0,0,1,1,67500.0,2,4,0,1,-17947.0,49,-1,1,0,0,0,3,3,0
5066465,0,1,1,0,135000.0,3,4,2,1,-16211.0,44,-4,1,0,0,0,8,1,0
5117254,0,1,1,0,207000.0,2,1,1,1,-22398.0,61,-10,1,0,0,0,11,2,0
5117551,1,1,0,1,148500.0,0,4,1,1,-12930.0,35,-8,1,1,1,0,4,3,0
5079181,0,0,0,0,112500.0,0,2,1,1,-10177.0,28,-6,1,0,1,0,3,2,0
5028802,0,0,0,2,112500.0,3,4,1,1,-15766.0,43,-3,1,0,0,0,8,4,0
5024838,0,0,1,0,202500.0,0,1,3,1,-14143.0,39,-6,1,0,0,0,3,1,0
5088279,0,0,0,0,67500.0,3,4,1,1,-20075.0,55,-19,1,1,1,0,14,2,0
5079141,0,0,1,2,67500.0,3,4,2,1,-13868.0,38,-8,1,1,0,0,14,3,0
5058286,0,0,1,0,306000.0,0,1,1,1,-14897.0,41,-9,1,1,1,1,3,2,0
5010218,0,1,1,1,90000.0,2,4,1,1,-17532.0,48,-22,1,0,0,0,11,3,0
5112870,1,1,1,1,360000.0,3,4,1,1,-20998.0,58,-8,1,0,1,0,8,3,0
5061253,0,0,1,0,112500.0,3,2,0,1,-9301.0,25,-5,1,0,0,0,3,2,0
5046191,1,1,1,2,270000.0,0,1,1,1,-17280.0,47,-2,1,1,0,0,10,4,0
5094884,1,0,1,0,450000.0,0,4,3,5,-10363.0,28,-4,1,0,0,0,10,1,0
5146296,0,0,0,0,67500.0,3,4,1,1,-18029.0,49,-11,1,1,0,0,16,2,0
5033966,0,0,1,0,180000.0,0,4,1,1,-15103.0,41,-9,1,0,0,0,14,2,0
5065571,1,1,1,0,270000.0,0,4,1,1,-18218.0,50,-4,1,0,0,0,4,2,0
5023475,0,1,1,0,315000.0,1,4,3,1,-21012.0,58,-4,1,0,0,0,3,1,0
5035866,0,0,1,0,247500.0,0,4,1,1,-17656.0,48,-3,1,0,0,0,2,2,0
5088501,1,1,1,0,72000.0,3,1,1,1,-21897.0,60,-2,1,0,0,0,16,2,0
5028990,0,0,0,2,81000.0,3,3,3,1,-15373.0,42,-6,1,0,0,0,14,3,0
5126503,0,0,0,0,171000.0,1,4,1,1,-20977.0,57,-4,1,0,1,0,3,2,0
5023209,0,0,0,1,135000.0,0,4,1,1,-14438.0,40,-1,1,0,0,0,14,3,0
5142860,0,0,0,0,135000.0,3,4,1,1,-14080.0,39,-5,1,0,1,0,3,2,0
5087852,0,1,0,0,202500.0,2,4,1,1,-19598.0,54,-33,1,0,1,0,11,2,0
5061896,1,0,1,1,292500.0,2,1,1,1,-16833.0,46,-10,1,0,0,1,3,3,0
5044940,1,0,1,2,360000.0,2,1,1,1,-16027.0,44,-15,1,0,1,0,10,4,0
5048610,0,0,1,0,315000.0,3,4,2,1,-15256.0,42,-9,1,0,0,0,8,1,0
5113711,0,1,1,1,405000.0,2,4,1,1,-16962.0,46,-1,1,0,1,1,8,3,0
5069199,0,1,1,1,225000.0,0,4,1,1,-13591.0,37,-9,1,0,0,0,14,3,0
5091101,1,0,1,0,198000.0,1,1,1,1,-24662.0,68,-4,1,0,0,0,3,2,0
5033496,1,1,0,1,202500.0,0,1,1,5,-9956.0,27,-1,1,0,0,0,10,3,0
5132752,1,0,1,0,90000.0,3,4,3,1,-10569.0,29,-1,1,1,1,0,4,1,0
5018471,0,0,1,1,166500.0,3,4,1,1,-20208.0,55,-22,1,0,1,0,3,3,0
5096059,0,0,0,2,73350.0,3,4,1,1,-14321.0,39,-19,1,0,0,0,11,4,0
5036958,1,1,1,1,135000.0,3,4,1,1,-12048.0,33,-5,1,1,1,0,8,3,0
5038619,0,0,0,0,103500.0,1,4,1,1,-24346.0,67,-4,1,0,0,0,3,2,0
5048448,0,0,1,0,202500.0,1,4,1,1,-16047.0,44,-4,1,0,0,0,3,2,0
5053293,0,0,1,0,76500.0,1,4,1,2,-20382.0,56,-4,1,0,0,0,3,2,0
5117022,1,1,1,2,225000.0,3,4,1,1,-12462.0,34,-1,1,1,0,0,8,4,0
5143362,0,0,1,0,126000.0,3,4,1,1,-22811.0,62,-6,1,1,1,0,6,2,0
5137163,0,0,0,0,211500.0,3,4,1,1,-17249.0,47,-5,1,1,1,0,3,2,0
5054064,1,0,0,1,157500.0,3,4,1,1,-16424.0,45,-4,1,0,0,0,4,3,0
5145968,0,0,1,0,112500.0,1,4,4,1,-23018.0,63,-4,1,0,0,0,3,1,0
5065705,1,1,1,0,225000.0,1,4,3,1,-17454.0,48,-4,1,0,1,0,3,1,0
5051187,1,1,0,0,135000.0,3,4,3,1,-12260.0,34,-2,1,0,0,0,3,1,0
5067203,1,0,0,1,405000.0,3,4,1,5,-12675.0,35,-4,1,0,0,0,4,3,0
5116714,0,0,0,0,135000.0,0,4,2,2,-19124.0,52,-2,1,0,0,0,3,1,0
5045069,0,0,0,0,112500.0,3,4,1,1,-10344.0,28,-7,1,0,0,0,8,2,0
5042130,0,0,0,0,247500.0,3,1,1,1,-14136.0,39,-20,1,1,1,0,10,2,0
5066879,1,1,1,0,270000.0,3,4,3,1,-13805.0,38,-4,1,0,0,0,8,1,0
5047787,0,1,1,0,225000.0,0,1,1,1,-10457.0,29,-3,1,0,0,0,3,2,0
5062131,1,1,1,0,90000.0,1,4,1,1,-22129.0,61,-4,1,0,0,0,3,2,0
5023692,0,0,1,0,135000.0,3,4,3,1,-15036.0,41,-9,1,0,0,0,3,1,0
5028907,0,0,0,0,67500.0,3,4,1,1,-9963.0,27,-5,1,0,0,0,14,2,0
5113861,1,0,0,0,135000.0,3,4,1,1,-10368.0,28,-3,1,1,0,0,6,2,0
5009301,0,0,0,0,193500.0,3,4,3,2,-16099.0,44,-5,1,0,1,0,8,1,0
5135705,0,0,0,0,135000.0,3,4,1,1,-11004.0,30,-4,1,0,0,0,12,2,0
5023616,1,1,1,0,202500.0,0,4,1,1,-17585.0,48,-1,1,0,0,0,4,2,0
5028468,0,1,1,2,135000.0,3,4,1,1,-12406.0,34,-1,1,0,0,1,4,4,0
5113374,0,0,1,1,180000.0,1,1,1,1,-18979.0,52,-4,1,0,1,0,3,3,0
5125775,0,0,1,0,112500.0,3,4,1,1,-23360.0,64,-1,1,0,0,0,3,2,0
5051156,1,0,0,1,247500.0,3,1,3,1,-13816.0,38,-5,1,0,0,0,8,2,0
5143046,1,1,0,2,360000.0,3,4,1,1,-16030.0,44,-7,1,1,0,0,4,4,0
5114060,1,1,0,1,193500.0,3,1,1,1,-17932.0,49,-11,1,1,1,0,3,3,0
5113171,0,1,1,1,67500.0,3,4,1,1,-11454.0,31,-5,1,0,1,1,2,3,0
5078805,0,0,1,0,306000.0,3,4,1,1,-18927.0,52,-8,1,0,0,0,6,2,0
5088205,0,0,1,0,153000.0,1,4,2,1,-21778.0,60,-4,1,0,1,0,3,1,0
5112975,0,0,0,3,171000.0,3,4,1,1,-13692.0,38,-10,1,1,1,0,6,5,0
5022789,0,0,0,0,112500.0,3,4,2,1,-12369.0,34,-1,1,0,0,0,3,1,0
5028302,1,1,1,0,360000.0,0,2,1,1,-19834.0,54,-1,1,0,0,0,10,2,0
5146558,1,0,1,2,157500.0,3,4,1,1,-15031.0,41,-4,1,0,0,0,8,4,0
5029400,0,0,0,0,112500.0,1,4,1,1,-19125.0,52,-4,1,0,0,0,3,2,0
5009207,0,0,0,0,292500.0,2,4,1,1,-20953.0,57,-24,1,1,1,0,0,2,0
5022449,0,0,0,0,315000.0,3,4,2,1,-17570.0,48,-5,1,0,0,1,3,1,0
5044818,0,0,1,0,135000.0,3,1,3,1,-9100.0,25,-3,1,0,0,0,10,1,0
5089070,1,0,0,3,180000.0,3,4,1,1,-14243.0,39,-10,1,0,0,0,8,5,0
5041367,0,0,0,0,180000.0,2,2,1,1,-10315.0,28,-8,1,0,0,0,3,2,0
5050485,0,0,0,0,292500.0,0,4,0,1,-18698.0,51,-29,1,0,0,0,8,2,0
5062296,0,0,1,0,135000.0,1,2,2,1,-20388.0,56,-4,1,0,0,0,3,1,0
5090039,1,0,0,1,225000.0,3,1,1,1,-13747.0,38,-17,1,0,0,0,3,3,0
5069296,0,0,1,0,225000.0,1,4,1,1,-20989.0,58,-4,1,0,0,0,3,2,0
5058271,0,0,1,0,135000.0,3,4,1,1,-19607.0,54,-12,1,0,0,0,9,2,0
5047929,1,1,0,0,292500.0,3,4,3,1,-13999.0,38,-4,1,0,1,0,4,1,0
5054228,0,0,0,2,180000.0,3,4,1,1,-11515.0,32,0,1,1,0,0,10,4,0
5023527,0,0,1,0,274500.0,0,4,1,1,-20459.0,56,-19,1,0,0,0,6,2,0
5088433,0,0,1,0,225000.0,3,4,3,1,-17840.0,49,-5,1,0,0,0,3,1,0
5009567,1,1,0,0,180000.0,3,4,1,1,-15153.0,42,-9,1,1,1,0,8,2,0
5148915,1,1,0,2,225000.0,0,4,1,1,-14636.0,40,-11,1,0,0,0,3,4,0
5053646,1,0,0,0,360000.0,0,1,1,1,-20354.0,56,-5,1,0,1,0,10,2,0
5035546,0,0,1,0,126000.0,1,4,4,1,-24387.0,67,-4,1,0,0,0,3,1,0
5118472,1,0,0,0,180000.0,3,4,1,1,-9978.0,27,-5,1,0,1,0,4,2,0
5111178,0,0,1,2,54000.0,3,1,1,1,-11268.0,31,-12,1,1,0,0,1,4,0
5065808,0,0,0,1,76500.0,3,1,1,1,-15915.0,44,-2,1,1,1,0,14,3,0
5091771,1,0,1,0,247500.0,3,4,1,1,-17454.0,48,-6,1,0,0,0,8,2,0
5010010,0,0,1,1,112500.0,2,2,0,1,-10926.0,30,-10,1,0,1,0,15,3,0
5148573,0,0,1,0,81000.0,1,4,1,1,-20848.0,57,-4,1,0,0,0,3,2,0
5096729,1,1,0,0,135000.0,0,4,1,1,-10910.0,30,-6,1,1,0,0,8,2,0
5092021,0,0,1,0,135000.0,3,4,1,1,-13211.0,36,-2,1,1,1,0,3,2,0
5046083,0,1,1,0,99000.0,3,4,1,1,-21030.0,58,-6,1,0,0,0,3,2,0
5096085,0,0,0,0,67500.0,3,4,1,2,-18165.0,50,-31,1,0,0,0,2,2,0
5092147,1,1,1,0,173412.7232142857,3,4,3,1,-10386.0,28,-1,1,1,0,0,3,1,0
5142953,1,0,0,1,202500.0,3,4,2,1,-8274.0,23,-2,1,1,1,0,8,2,0
5061135,0,0,1,2,58500.0,3,1,1,1,-14228.0,39,-16,1,0,0,0,3,4,0
5010172,0,0,1,0,135000.0,0,4,1,1,-21300.0,58,-1,1,0,0,0,8,2,0
5068523,0,0,1,0,135000.0,3,4,3,1,-12360.0,34,-1,1,0,0,1,8,1,0
5087756,0,0,0,0,180000.0,3,4,1,1,-15280.0,42,-7,1,0,0,0,14,2,0
5132845,0,0,1,0,112500.0,2,4,1,1,-17493.0,48,-10,1,0,0,1,11,2,0
5116046,0,1,1,0,144000.0,3,4,1,1,-13455.0,37,-6,1,0,0,0,3,2,0
5091983,1,0,1,0,112500.0,0,1,1,1,-21601.0,59,-2,1,1,0,1,10,2,0
5062106,1,1,1,0,135000.0,0,4,1,1,-19008.0,52,-10,1,0,0,0,10,2,0
5052806,0,0,1,0,81000.0,3,4,3,1,-19210.0,53,-7,1,0,1,0,3,1,0
5095952,0,0,0,2,193500.0,3,1,1,5,-15011.0,41,-21,1,1,1,0,3,4,0
5022458,1,1,1,1,144000.0,3,4,1,1,-8696.0,24,-3,1,0,0,1,4,3,0
5149647,0,0,1,0,292500.0,1,4,3,1,-22576.0,62,-4,1,0,0,0,3,1,0
5114438,0,0,1,1,157500.0,3,4,1,1,-17262.0,47,-3,1,1,1,0,14,3,0
5112737,1,1,1,0,315000.0,3,1,1,1,-18335.0,50,-8,1,0,0,0,4,2,0
5024038,0,0,0,0,135000.0,3,4,1,1,-15459.0,42,-2,1,0,0,0,14,2,0
5139846,1,1,1,0,202500.0,0,4,1,4,-10482.0,29,-7,1,0,0,0,3,2,0
5140019,0,1,1,1,180000.0,0,4,3,1,-11348.0,31,-4,1,0,0,0,12,2,0
5104868,0,0,1,0,112500.0,3,1,1,1,-12114.0,33,-11,1,0,0,0,0,2,0
5062525,0,0,1,1,112500.0,3,1,1,1,-13656.0,37,-6,1,0,1,0,14,3,0
5118118,1,0,0,1,270000.0,0,4,1,1,-13538.0,37,-15,1,1,1,0,4,3,0
5044669,0,0,1,0,76500.0,1,4,1,1,-16047.0,44,-4,1,0,0,0,3,2,0
5054384,1,1,0,0,292500.0,0,1,3,1,-14050.0,38,-10,1,1,1,0,8,1,0
5085768,1,1,1,1,405000.0,2,1,1,1,-11532.0,32,-13,1,0,0,0,10,3,0
5097105,0,0,1,0,193500.0,3,4,1,1,-21026.0,58,-31,1,0,1,0,3,2,0
5023706,0,0,1,0,180000.0,3,4,1,1,-17733.0,49,-15,1,0,1,0,8,2,0
5046183,0,0,1,2,115200.0,0,4,1,1,-14876.0,41,-2,1,0,0,0,8,4,0
5142930,0,1,0,0,56250.0,1,4,1,1,-21342.0,58,-4,1,0,0,0,3,2,0
5145920,1,1,1,1,180000.0,0,1,1,1,-15131.0,41,-4,1,0,0,1,3,3,0
5069028,0,0,1,0,157500.0,0,4,1,1,-16605.0,45,-4,1,0,0,1,14,2,0
5010498,1,1,1,1,202500.0,3,4,1,1,-10218.0,28,-1,1,1,0,0,3,3,0
5091564,0,1,1,1,135000.0,3,4,1,1,-14935.0,41,-5,1,0,1,0,14,3,0
5149887,0,0,1,0,202500.0,0,4,1,1,-15941.0,44,-16,1,0,0,0,10,2,0
5052952,0,0,1,0,157500.0,1,4,4,1,-24340.0,67,-4,1,0,1,0,3,1,0
5116801,1,0,1,1,225000.0,3,4,1,1,-16286.0,45,-5,1,0,0,0,4,3,0
5089556,0,1,0,0,227795.45454545456,3,2,3,1,-11406.0,31,-8,1,1,0,0,10,1,0
5091639,1,1,1,0,202500.0,3,4,3,1,-18093.0,50,-8,1,0,0,0,3,1,0
5116817,1,0,1,0,85500.0,2,4,2,0,-16542.0,45,-24,1,1,1,0,3,1,0
5036936,0,0,1,0,157500.0,1,4,2,1,-22362.0,61,-4,1,0,0,0,3,1,0
5022930,0,0,1,0,270000.0,3,1,1,1,-9154.0,25,-1,1,0,0,1,8,2,0
5148732,0,0,1,1,157500.0,3,4,2,2,-13355.0,37,-2,1,0,0,0,14,2,0
5023877,0,0,1,0,360000.0,1,1,1,1,-22985.0,63,-4,1,0,1,0,3,2,0
5061139,0,1,1,0,90000.0,1,4,1,1,-21454.0,59,-4,1,0,0,0,3,2,0
5010435,0,0,1,0,90000.0,1,4,1,1,-21518.0,59,-4,1,0,0,0,3,2,0
5090310,1,1,1,0,135000.0,1,4,1,1,-24580.0,67,-4,1,0,0,0,3,2,0
5026539,0,0,1,0,112500.0,3,4,3,1,-15839.0,43,-4,1,0,1,0,6,1,0
5048478,1,1,0,0,225000.0,3,4,3,1,-9187.0,25,-1,1,0,0,0,3,1,0
5052762,1,1,1,0,225000.0,0,1,3,1,-11728.0,32,-3,1,0,0,1,3,1,0
5067767,0,0,1,0,202500.0,2,4,3,1,-23341.0,64,-15,1,0,0,0,11,1,0
5056179,0,0,1,0,202500.0,0,1,1,1,-9663.0,26,-1,1,0,0,0,3,2,0
5045537,1,1,0,2,225000.0,2,1,1,5,-10937.0,30,-4,1,0,0,0,6,4,0
5053980,0,1,0,0,108000.0,3,4,1,5,-12249.0,34,-9,1,1,0,0,3,2,0
5092349,0,0,1,0,225000.0,3,4,4,1,-19252.0,53,-6,1,0,0,0,14,1,0
5090383,0,1,1,0,180000.0,0,4,1,1,-15421.0,42,-3,1,0,1,0,8,2,0
5088687,1,0,1,1,135000.0,3,4,1,1,-18719.0,51,-4,1,1,1,0,8,3,0
5105466,0,0,1,0,112500.0,1,4,1,1,-21074.0,58,-4,1,0,0,0,3,2,0
5089117,0,1,0,0,90000.0,3,1,3,1,-15969.0,44,-15,1,1,1,0,3,1,0
5117497,1,0,1,0,90000.0,0,4,0,1,-16459.0,45,-2,1,1,0,0,9,2,0
5112599,0,0,1,0,103500.0,3,4,1,1,-22466.0,62,-35,1,1,1,0,10,2,0
5126121,0,1,0,0,72000.0,3,4,1,1,-15185.0,42,-1,1,1,1,0,11,2,0
5125710,0,1,1,0,135000.0,3,3,1,1,-16413.0,45,-2,1,0,1,0,6,2,0
5148972,1,1,1,0,495000.0,3,4,3,4,-14358.0,39,-15,1,0,0,0,2,1,0
5117233,1,0,1,0,135000.0,3,4,1,1,-13826.0,38,-20,1,0,0,0,8,2,0
5142733,1,0,0,1,360000.0,3,1,1,1,-11112.0,30,-1,1,1,1,0,10,3,0
5089736,0,1,0,0,135000.0,3,4,1,1,-19010.0,52,-19,1,1,1,0,1,2,0
5021214,1,1,1,1,225000.0,2,1,1,1,-12763.0,35,-6,1,0,1,0,3,3,0
5044809,0,0,1,0,135000.0,3,1,3,1,-9100.0,25,-3,1,0,0,0,10,1,0
5037088,0,0,1,0,81000.0,1,4,1,1,-21490.0,59,-4,1,0,0,0,3,2,0
5068712,0,1,1,0,90000.0,3,4,1,1,-13483.0,37,-15,1,0,0,0,8,2,0
5142153,1,1,1,0,450000.0,3,4,3,1,-15960.0,44,-10,1,0,0,0,6,1,0
5146045,0,0,1,0,360000.0,0,4,3,1,-18577.0,51,-7,1,0,0,0,0,1,0
5142529,1,0,1,0,225000.0,2,1,1,1,-9006.0,25,0,1,0,0,0,3,2,0
5091630,0,0,1,0,202500.0,3,4,1,1,-19431.0,53,-17,1,0,0,0,6,2,0
5023089,0,0,0,0,202500.0,3,4,2,1,-16868.0,46,-11,1,0,0,0,8,1,0
5142698,0,1,0,0,95850.0,0,4,1,1,-18931.0,52,-18,1,1,0,0,8,2,0
5105550,0,0,1,0,112500.0,3,1,1,5,-9310.0,26,-2,1,0,0,0,3,2,0
5149799,0,0,1,0,126000.0,0,4,0,2,-10418.0,29,-6,1,1,1,0,8,2,0
5036219,0,0,1,0,99000.0,3,4,1,1,-15590.0,43,-2,1,0,0,0,14,2,0
5061246,0,0,1,0,112500.0,3,2,0,1,-9301.0,25,-5,1,0,0,0,3,2,0
5135851,0,0,1,1,180000.0,0,4,1,1,-16234.0,44,-17,1,0,1,0,8,3,0
5009663,1,0,0,0,225000.0,3,1,3,1,-10166.0,28,-5,1,1,0,0,3,1,0
5146002,1,1,1,0,225000.0,3,4,3,1,-10177.0,28,-1,1,0,0,1,10,1,0
5125203,0,0,1,0,202500.0,3,2,3,1,-18596.0,51,-20,1,0,0,0,3,1,0
5148525,0,0,1,0,180000.0,1,4,1,1,-23365.0,64,-4,1,0,0,0,3,2,0
5148748,0,1,1,1,135000.0,0,2,0,1,-11469.0,31,-2,1,0,1,0,3,3,0
5024582,0,1,1,2,315000.0,2,4,1,1,-12348.0,34,-3,1,0,0,0,10,4,0
5105878,0,0,0,1,387000.0,0,1,1,1,-15220.0,42,-2,1,0,0,0,3,3,0
5010874,0,0,1,0,45000.0,1,4,1,1,-20688.0,57,-4,1,0,1,0,3,2,0
5099948,0,1,0,0,185400.0,0,4,1,1,-14747.0,40,-9,1,0,0,0,8,2,0
5096415,0,0,0,0,76500.0,3,4,1,1,-16876.0,46,0,1,1,0,0,3,2,0
5096609,0,1,0,1,225000.0,3,1,0,1,-13528.0,37,-3,1,1,1,0,3,3,0
5148669,1,1,1,1,810000.0,0,2,0,3,-17922.0,49,-9,1,0,0,0,16,3,0
5090027,0,0,1,0,126000.0,3,1,1,1,-10075.0,28,-1,1,0,1,1,3,2,0
5132329,0,0,0,0,135000.0,1,4,1,1,-22752.0,62,-4,1,0,0,0,3,2,0
5125277,0,0,1,1,90000.0,3,4,1,1,-16280.0,45,-10,1,0,0,1,14,3,0
5067006,1,0,1,1,157500.0,3,4,0,1,-20315.0,56,-15,1,0,0,0,8,3,0
5022063,0,0,1,0,180000.0,1,1,1,1,-20135.0,55,-4,1,0,1,0,3,2,0
5126108,0,0,1,0,112500.0,2,4,3,1,-20577.0,56,-36,1,1,0,0,3,1,0
5038723,1,1,1,1,270000.0,1,4,1,1,-15493.0,42,-4,1,0,0,0,3,3,0
5054079,0,0,0,0,135000.0,3,4,1,1,-17143.0,47,-15,1,0,1,0,3,2,0
5096483,0,0,0,0,103500.0,3,1,1,1,-15989.0,44,-18,1,1,1,0,3,2,0
5025951,0,0,1,0,130500.0,3,4,1,1,-13520.0,37,-15,1,0,0,0,3,2,0
5010995,0,0,1,0,90000.0,3,4,1,1,-20074.0,55,-1,1,0,0,0,11,2,0
5117622,1,1,0,2,112500.0,3,1,1,1,-14659.0,40,0,1,0,0,0,4,4,0
5091826,0,0,1,0,157500.0,1,4,1,1,-23627.0,65,-4,1,0,0,0,3,2,0
5065723,0,0,1,1,202500.0,2,4,0,1,-15975.0,44,-24,1,0,0,0,12,3,0
5044594,1,0,1,0,67500.0,1,4,2,1,-22351.0,61,-4,1,0,1,0,3,1,0
5125425,0,1,1,1,189000.0,3,3,1,1,-16344.0,45,-2,1,0,0,1,3,3,0
5135474,0,0,1,0,180000.0,3,4,1,1,-19881.0,54,-21,1,0,0,0,15,2,0
5085865,0,0,1,0,135000.0,3,4,1,1,-18199.0,50,-14,1,0,0,0,1,2,0
5113180,1,1,1,0,135000.0,0,1,0,1,-17538.0,48,-2,1,0,0,0,3,2,0
5069466,0,1,1,0,166500.0,3,4,1,1,-12192.0,33,-9,1,0,0,0,8,2,0
5025089,0,0,1,0,90000.0,1,4,1,1,-22034.0,60,-4,1,0,0,0,3,2,0
5009269,1,1,0,0,337500.0,2,1,1,5,-10266.0,28,-5,1,1,1,0,10,2,0
5010226,0,1,1,1,90000.0,2,4,1,1,-17532.0,48,-22,1,0,0,0,11,3,0
5021790,0,1,1,2,157500.0,3,4,1,1,-15021.0,41,-19,1,0,0,0,6,4,0
5143374,0,0,0,0,112500.0,1,4,1,1,-24001.0,66,-4,1,0,0,0,3,2,0
5036474,1,1,0,2,180000.0,0,1,1,1,-15716.0,43,-7,1,0,0,0,10,4,0
5037202,0,1,1,1,112500.0,3,1,1,1,-9032.0,25,-1,1,0,0,0,10,3,0
5092020,0,0,1,0,135000.0,3,4,1,1,-13211.0,36,-2,1,1,1,0,3,2,0
5142849,0,0,0,0,135000.0,3,4,1,1,-14080.0,39,-5,1,0,1,0,3,2,0
5069141,0,0,0,0,135000.0,0,1,1,5,-15360.0,42,-1,1,0,0,1,3,2,0
5035431,1,1,1,0,216266.94915254237,3,4,3,1,-14138.0,39,-3,1,0,0,0,4,1,0
5090464,0,0,0,0,126000.0,0,4,1,1,-16708.0,46,-16,1,1,0,0,10,2,0
5149296,0,1,1,0,247500.0,0,1,1,1,-14462.0,40,-5,1,0,1,1,3,2,0
5023914,0,0,1,2,184500.0,3,4,1,1,-9912.0,27,-5,1,1,1,0,14,4,0
5079004,0,0,1,0,165600.0,1,4,4,1,-21383.0,59,-4,1,0,1,0,3,1,0
5112736,1,1,1,0,315000.0,3,1,1,1,-18335.0,50,-8,1,0,0,0,4,2,0
5023147,0,0,0,0,112500.0,1,4,3,1,-21135.0,58,-4,1,0,0,0,3,1,0
5050619,1,1,0,0,112500.0,3,4,0,1,-10004.0,27,-5,1,0,1,0,3,2,0
5052606,1,0,1,0,202500.0,0,4,3,4,-18785.0,51,-4,1,0,0,0,3,1,0
5036870,0,0,1,0,72000.0,1,4,1,1,-21821.0,60,-4,1,0,0,0,3,2,0
5021551,0,0,1,0,202500.0,0,4,1,1,-20870.0,57,-4,1,0,0,0,11,2,0
5067242,0,1,1,0,391500.0,3,4,1,1,-16995.0,47,-20,1,0,0,0,3,2,0
5068807,1,1,1,1,112500.0,3,1,1,1,-11809.0,32,-1,1,0,0,1,0,3,0
5024666,0,0,1,0,157500.0,3,4,1,1,-14425.0,40,-13,1,1,1,0,8,2,0
5089497,0,0,0,1,112500.0,3,4,4,1,-19931.0,55,-4,1,0,0,0,3,2,0
5045623,0,0,1,1,270000.0,2,4,1,1,-14400.0,39,-7,1,0,0,0,11,3,0
5091822,1,0,1,0,270000.0,0,4,3,1,-14638.0,40,-16,1,0,0,0,8,1,0
5114227,1,1,0,2,247500.0,3,4,1,1,-18338.0,50,-16,1,1,0,0,8,4,0
5067259,1,1,1,0,360000.0,1,4,1,1,-20859.0,57,-4,1,0,0,1,3,2,0
5068320,0,0,1,0,189000.0,1,1,2,1,-22655.0,62,-4,1,0,0,0,3,1,0
5116621,0,1,1,1,157500.0,2,4,1,1,-13811.0,38,-9,1,0,0,0,8,3,0
5091925,0,1,1,0,405000.0,0,2,1,1,-18517.0,51,-11,1,0,1,0,3,2,0
5041758,0,0,1,0,157500.0,2,1,1,1,-15145.0,41,-10,1,0,1,0,10,2,0
5025936,0,0,1,0,130500.0,3,4,1,1,-13520.0,37,-15,1,0,0,0,3,2,0
5041540,0,0,1,1,135000.0,1,4,0,1,-19295.0,53,-4,1,0,0,0,3,3,0
5061145,0,1,1,0,90000.0,1,4,1,1,-21454.0,59,-4,1,0,0,0,3,2,0
5033608,0,0,0,0,67500.0,0,4,0,1,-18989.0,52,0,1,0,0,0,8,2,0
5146456,0,0,1,0,135000.0,0,4,1,1,-15407.0,42,-5,1,0,0,0,17,2,0
5091369,1,1,1,0,247500.0,3,4,1,1,-15366.0,42,-3,1,1,1,0,4,2,0
5142547,0,1,1,0,157500.0,0,1,3,1,-16047.0,44,-3,1,0,0,0,12,1,0
5091708,0,1,1,0,135000.0,3,1,1,1,-12274.0,34,-11,1,0,0,0,10,2,0
5022136,0,0,1,0,126000.0,1,4,1,1,-20681.0,57,-4,1,0,0,0,3,2,0
5088181,0,0,0,0,180000.0,3,2,4,1,-19629.0,54,-5,1,1,1,0,3,1,0
5104981,0,0,0,0,112500.0,1,4,2,2,-21629.0,59,-4,1,0,0,0,3,1,0
5093248,0,0,1,0,247500.0,0,1,1,1,-11914.0,33,-8,1,0,0,0,14,2,0
5145970,0,0,1,0,112500.0,1,4,4,1,-23018.0,63,-4,1,0,0,0,3,1,0
5112738,1,1,1,0,315000.0,3,1,1,1,-18335.0,50,-8,1,0,0,0,4,2,0
5143219,0,0,1,0,67500.0,1,3,3,1,-22145.0,61,-4,1,0,0,0,3,1,0
5069007,1,1,1,0,337500.0,3,1,1,5,-10622.0,29,-3,1,0,0,0,8,2,0
5113801,0,0,1,1,337500.0,3,4,1,1,-12790.0,35,-9,1,0,0,1,3,3,0
5054625,0,0,1,0,112500.0,1,4,4,1,-22034.0,60,-4,1,0,0,0,3,1,0
5054733,0,0,0,1,157500.0,0,1,1,1,-11042.0,30,-4,1,0,0,0,6,3,0
5050482,0,0,0,0,292500.0,0,4,0,1,-18698.0,51,-29,1,0,0,0,8,2,0
5142691,1,1,0,2,135000.0,2,4,1,1,-14038.0,38,-18,1,1,1,0,3,4,0
5067696,1,1,1,0,450000.0,3,1,1,1,-19087.0,52,-12,1,0,1,0,10,2,0
5105577,0,0,0,0,180000.0,3,4,1,2,-12024.0,33,-1,1,1,1,0,14,2,0
5033714,1,0,1,1,135000.0,3,4,1,1,-13782.0,38,-8,1,1,1,0,16,3,0
5062016,0,0,0,0,180000.0,0,4,3,1,-11342.0,31,-7,1,0,0,0,3,1,0
5045798,0,1,0,0,202500.0,3,1,1,1,-9242.0,25,0,1,0,0,0,0,2,0
5066915,1,1,1,0,180000.0,3,1,1,5,-11089.0,30,-4,1,0,0,0,8,2,0
5088853,0,1,1,0,112500.0,3,1,1,1,-11353.0,31,-6,1,0,0,1,0,2,0
5037169,1,1,1,0,135000.0,1,4,1,1,-24510.0,67,-4,1,0,0,0,3,2,0
5142752,0,0,0,0,81000.0,3,4,3,1,-17876.0,49,-1,1,1,1,0,12,1,0
5116056,0,0,0,0,135000.0,3,4,1,1,-17803.0,49,-29,1,0,0,0,0,2,0
5143025,1,0,0,0,270000.0,3,4,1,5,-11768.0,32,-2,1,1,1,0,8,2,0
5091549,0,0,1,0,247500.0,0,4,1,1,-12309.0,34,-8,1,0,1,0,8,2,0
5061161,1,1,1,3,202500.0,3,4,1,1,-13300.0,36,-10,1,0,1,0,3,5,0
5142248,0,0,1,0,225000.0,2,4,1,1,-19826.0,54,-6,1,0,0,0,12,2,0
5068262,0,0,0,2,157500.0,2,1,1,1,-12636.0,35,-15,1,0,0,0,11,4,0
5090415,0,1,0,0,216000.0,3,4,3,1,-19765.0,54,-27,1,1,1,0,3,1,0
5100010,1,1,0,0,202500.0,3,4,1,1,-16047.0,44,-3,1,1,1,0,8,2,0
5068843,0,0,1,0,135000.0,3,4,3,1,-22751.0,62,-12,1,1,1,0,15,1,0
5114166,1,1,0,1,247500.0,3,1,1,1,-9296.0,25,-1,1,1,0,1,3,3,0
5105715,0,0,1,0,180000.0,3,4,1,1,-13856.0,38,-8,1,0,0,0,8,2,0
5105842,1,1,1,0,67500.0,1,4,1,1,-22981.0,63,-4,1,0,0,0,3,2,0
5145964,0,0,0,2,130500.0,3,4,1,1,-15436.0,42,-10,1,0,0,0,14,4,0
5089658,0,0,0,0,99000.0,0,4,3,1,-16378.0,45,-1,1,1,0,0,3,1,0
5068233,1,0,1,1,112500.0,2,4,1,1,-13885.0,38,-1,1,0,0,0,8,3,0
5113259,0,1,1,0,247500.0,3,4,3,5,-11770.0,32,-1,1,0,0,0,14,1,0
5052622,1,1,1,1,180000.0,0,4,1,1,-15988.0,44,-5,1,0,1,0,6,3,0
5137151,0,0,0,0,225000.0,1,4,1,1,-20429.0,56,-4,1,0,1,0,3,2,0
5095423,1,1,1,0,405000.0,3,1,1,1,-11723.0,32,-5,1,1,0,1,3,2,0
5058408,1,1,1,0,247500.0,3,1,1,1,-12843.0,35,-7,1,0,0,0,10,2,0
5068324,0,0,1,0,171000.0,3,1,1,1,-18348.0,50,-11,1,0,0,0,6,2,0
5022156,0,1,1,2,180000.0,0,1,1,1,-11719.0,32,-8,1,0,1,1,3,4,0
5137365,1,1,0,0,337500.0,3,4,1,1,-14479.0,40,-3,1,0,1,0,4,2,0
5068811,0,0,1,0,315000.0,0,4,1,1,-14419.0,40,-7,1,0,0,0,3,2,0
5068238,0,0,1,0,247500.0,3,4,1,1,-11268.0,31,-7,1,1,1,0,8,2,0
5046495,0,0,1,0,180000.0,1,4,1,1,-21554.0,59,-4,1,0,0,0,3,2,0
5023491,1,1,1,0,83250.0,3,4,1,1,-20592.0,56,-17,1,1,1,1,3,2,0
5125510,1,0,1,1,202500.0,0,4,1,1,-14952.0,41,0,1,0,1,0,16,3,0
5113401,1,1,1,0,450000.0,0,1,3,1,-10837.0,30,-2,1,0,0,1,14,1,0
5010202,1,1,1,0,135000.0,3,3,1,5,-9981.0,27,-5,1,0,0,1,8,2,0
5143175,1,1,0,0,225000.0,0,4,3,1,-17473.0,48,-7,1,0,0,0,10,1,0
5041739,1,0,1,1,157500.0,3,4,1,1,-12585.0,34,-1,1,0,0,0,14,3,0
5048217,1,1,1,1,270000.0,0,4,1,1,-12250.0,34,-2,1,0,0,0,8,3,0
5091382,0,1,1,2,216000.0,3,1,1,1,-12757.0,35,-13,1,0,0,0,3,4,0
5143314,1,0,1,0,114750.0,1,4,2,1,-21268.0,58,-4,1,0,0,0,3,1,0
5009918,0,0,1,2,99000.0,0,1,1,1,-12752.0,35,-1,1,0,1,0,0,4,0
5024238,0,0,1,0,47250.0,1,4,1,2,-21414.0,59,-4,1,0,1,0,3,2,0
5114427,0,0,0,0,49500.0,1,4,1,1,-23753.0,65,-4,1,0,0,0,3,2,0
5091406,0,0,1,0,135000.0,3,4,3,1,-17579.0,48,-5,1,1,0,0,8,1,0
5023816,0,1,1,1,225000.0,0,1,1,1,-17002.0,47,-2,1,1,1,0,10,3,0
5126562,0,0,0,0,450000.0,3,1,1,1,-11082.0,30,-9,1,0,0,0,14,2,0
5054775,1,0,1,0,225000.0,3,4,1,1,-21362.0,59,-4,1,0,0,0,8,2,0
5091171,1,0,1,0,90000.0,1,4,1,1,-23969.0,66,-4,1,0,0,0,3,2,0
5062011,0,0,0,0,180000.0,0,4,3,1,-11342.0,31,-7,1,0,0,0,3,1,0
5062407,0,0,1,0,103500.0,1,4,4,1,-24094.0,66,-4,1,0,1,0,3,1,0
5094926,0,1,1,0,135000.0,0,4,1,1,-12175.0,33,-4,1,1,0,0,3,2,0
5067312,0,1,1,0,225000.0,1,4,1,1,-22920.0,63,-4,1,0,0,0,3,2,0
5125462,1,0,1,1,112500.0,3,4,1,1,-18394.0,50,-14,1,0,0,0,8,3,0
5114240,0,0,0,0,270000.0,3,4,1,1,-16723.0,46,-2,1,1,0,0,10,2,0
5068367,0,1,1,1,270000.0,3,4,1,1,-14084.0,39,-9,1,0,0,0,8,3,0
5051120,1,0,0,0,202500.0,2,1,1,1,-12725.0,35,-14,1,0,0,0,3,2,0
5114348,1,1,0,0,180000.0,0,4,1,2,-9810.0,27,-8,1,1,0,0,3,2,0
5067506,1,0,1,0,180000.0,3,3,0,1,-13024.0,36,-6,1,0,0,0,10,2,0
5118441,0,1,0,1,108000.0,0,1,1,1,-16138.0,44,-1,1,1,0,0,14,3,0
5054343,0,1,0,0,225000.0,3,4,1,1,-20641.0,57,-3,1,0,1,0,14,2,0
5009000,1,1,1,0,157500.0,3,4,1,1,-9927.0,27,-2,1,0,0,0,4,2,0
5090302,0,0,1,0,405000.0,0,4,1,1,-17427.0,48,-13,1,0,0,1,14,2,0
5067299,1,0,1,0,225000.0,0,4,3,1,-9149.0,25,-3,1,0,0,1,8,1,0
5010344,0,0,0,0,216000.0,1,4,1,1,-22867.0,63,-4,1,0,0,0,3,2,0
5011032,0,0,1,1,135000.0,3,0,0,1,-17489.0,48,-21,1,0,1,0,3,3,0
5038582,0,0,1,0,112500.0,1,4,1,1,-24327.0,67,-4,1,0,0,0,3,2,0
5067729,0,0,1,1,135000.0,0,2,1,1,-10288.0,28,-7,1,1,1,0,10,3,0
5067638,0,0,1,0,157500.0,1,4,3,1,-22922.0,63,-4,1,0,1,0,3,1,0
5010795,0,0,0,0,45000.0,2,4,1,1,-13941.0,38,-15,1,1,1,0,11,2,0
5116594,1,1,0,0,157500.0,3,1,1,1,-15602.0,43,-2,1,0,0,0,3,2,0
5068310,1,0,1,1,198000.0,0,2,3,1,-9649.0,26,0,1,0,0,0,10,2,0
5087880,0,0,0,0,234000.0,2,1,0,1,-21967.0,60,-14,1,0,0,1,3,2,0
5125172,0,1,1,0,157500.0,3,4,1,1,-15023.0,41,-1,1,0,0,0,8,2,0
5117190,0,0,1,3,207000.0,0,4,4,1,-15267.0,42,-1,1,1,1,0,3,4,0
5009798,0,0,0,0,198000.0,1,4,4,1,-22002.0,60,-4,1,0,1,0,3,1,0
5024077,0,1,1,0,157500.0,1,4,4,1,-20432.0,56,-4,1,0,0,0,3,1,0
5118580,0,1,1,0,180000.0,3,4,1,1,-13052.0,36,-5,1,0,0,0,8,2,0
5053535,0,0,1,0,216000.0,1,1,3,1,-20388.0,56,-4,1,0,0,0,3,1,0
5045070,0,0,0,0,112500.0,3,4,1,1,-10344.0,28,-7,1,0,0,0,8,2,0
5062334,0,0,0,0,94500.0,3,1,1,1,-9071.0,25,-3,1,0,0,0,3,2,0
5051097,0,0,0,0,69750.0,1,4,4,2,-21986.0,60,-4,1,0,1,0,3,1,0
5021968,0,0,0,1,103500.0,3,4,1,1,-11720.0,32,-3,1,0,0,0,14,3,0
5028858,1,1,1,1,157500.0,3,4,1,1,-13867.0,38,-8,1,0,0,0,8,3,0
5067182,0,0,1,0,112500.0,3,1,1,1,-11432.0,31,-2,1,1,0,0,3,2,0
5112652,0,0,0,0,67500.0,3,4,1,5,-16182.0,44,-8,1,1,1,0,2,2,0
5115523,0,0,1,3,112500.0,3,4,1,1,-13020.0,36,-10,1,0,0,0,3,5,0
5105069,1,0,1,0,157500.0,3,2,1,1,-13682.0,37,-1,1,1,1,0,3,2,0
5079127,1,0,1,0,270000.0,3,1,1,1,-11944.0,33,-6,1,0,0,0,8,2,0
5088689,1,0,1,1,135000.0,3,4,1,1,-18719.0,51,-4,1,1,1,0,8,3,0
5132784,1,1,1,0,112500.0,3,4,3,1,-8854.0,24,-1,1,1,0,0,8,1,0
5048458,0,1,1,1,126000.0,3,1,1,1,-9441.0,26,0,1,0,0,0,3,3,0
5023719,0,1,1,0,175500.0,1,1,1,1,-22077.0,60,-4,1,0,1,0,3,2,0
5065477,1,0,0,1,148500.0,3,4,1,1,-13574.0,37,0,1,0,0,0,8,3,0
5024096,0,1,0,0,126000.0,2,2,3,1,-11978.0,33,-14,1,1,0,0,3,1,0
5033520,0,1,1,3,180000.0,3,4,1,2,-12559.0,34,-16,1,0,1,0,11,5,0
5028612,1,1,1,0,225000.0,0,1,3,5,-10681.0,29,-6,1,0,1,0,14,1,0
5089954,1,0,1,1,126000.0,0,4,0,1,-12755.0,35,-6,1,0,0,0,3,3,0
5048642,0,0,0,0,157500.0,1,4,2,1,-24048.0,66,-4,1,0,0,0,3,1,0
5125261,1,0,1,0,157500.0,0,1,1,1,-15423.0,42,-3,1,1,1,0,3,2,0
5100133,1,1,1,2,270000.0,0,1,1,1,-13955.0,38,-5,1,0,0,0,4,4,0
5096856,1,1,1,0,180000.0,0,4,1,1,-17975.0,49,-10,1,0,0,0,4,2,0
5089719,0,0,0,0,144000.0,3,4,1,1,-19984.0,55,-13,1,0,1,0,3,2,0
5033447,0,1,0,0,112500.0,0,1,1,1,-10828.0,30,-2,1,0,0,0,3,2,0
5090942,1,0,0,0,225000.0,0,4,1,1,-13336.0,37,-4,1,0,0,0,9,2,0
5125816,0,1,0,0,450000.0,1,1,1,1,-19783.0,54,-15,1,1,1,0,10,2,0
5149946,0,0,1,0,180000.0,3,1,1,1,-22228.0,61,-2,1,1,1,0,6,2,0
5024049,0,1,1,1,144000.0,3,1,1,1,-12903.0,35,-8,1,0,0,0,0,3,0
5117065,0,0,1,2,225000.0,3,1,1,1,-16047.0,44,-5,1,1,1,0,0,4,0
5118268,1,1,0,1,360000.0,2,4,1,1,-11294.0,31,-10,1,0,1,0,4,3,0
5028645,0,0,1,0,356029.4117647059,0,1,1,1,-11957.0,33,-6,1,0,0,0,10,2,0
5023655,0,0,0,0,225000.0,0,2,3,1,-10229.0,28,-3,1,0,0,0,0,1,0
5115992,1,1,1,2,180000.0,3,1,1,1,-13174.0,36,-7,1,0,0,0,10,4,0
5118219,1,1,0,0,270000.0,3,4,0,1,-15292.0,42,-2,1,1,1,0,4,2,0
5053790,0,1,1,0,225000.0,3,1,1,1,-16601.0,45,-8,1,0,0,0,3,2,0
