,Ind_ID,GENDER,Car_Owner,Propert_Owner,CHILDREN,Annual_income,Type_Income,EDUCATION,Marital_status,Housing_type,Birthday_count,Employed_days,Mobile_phone,Work_Phone,Phone,EMAIL_ID,Type_Occupation,Family_Members,label
0,5009744,0,1,0,0,0.18128654970760236,0,1,1,1,-13557.0,-586,1,1,1,0,3,2,1
1,5009746,0,1,0,0,0.18128654970760236,0,1,1,1,-16047.0,-586,1,1,1,0,3,2,1
2,5009749,0,1,0,0,0.12342575187969926,0,1,1,1,-13557.0,-586,1,1,1,0,3,2,1
3,5009752,0,1,0,0,0.18128654970760236,0,1,1,1,-13557.0,-586,1,1,1,0,3,2,1
4,5009754,0,1,0,0,0.18128654970760236,0,1,1,1,-13557.0,-586,1,1,1,0,3,2,1
5,5010864,1,1,1,1,0.2690058479532164,0,4,1,1,-18173.0,-678,1,0,1,1,3,3,1
6,5010868,1,1,1,1,0.2690058479532164,1,4,1,1,-18173.0,-678,1,0,1,1,3,3,1
7,5010869,1,1,1,1,0.2690058479532164,0,4,3,1,-18173.0,-678,1,0,1,1,3,1,1
8,5018498,0,1,1,0,0.03508771929824561,3,4,1,1,-18950.0,-1002,1,1,1,0,2,2,1
9,5018501,0,1,1,0,0.06926169590643276,3,4,1,1,-18950.0,-1002,1,1,1,0,2,2,1
10,5018503,0,1,1,0,0.03508771929824561,3,4,1,1,-18950.0,-1002,1,1,1,0,2,2,1
11,5021303,1,0,0,1,0.28362573099415206,1,1,1,5,-8907.0,-913,1,0,0,1,3,3,1
12,5021310,1,0,1,0,0.152046783625731,3,4,1,1,-16896.0,-248,1,0,0,0,8,2,1
13,5021314,1,0,1,0,0.152046783625731,3,4,3,1,-16896.0,-248,1,0,0,0,8,2,1
14,5021430,0,0,1,0,0.0584795321637427,0,1,3,1,-18907.0,-2470,1,0,0,0,14,1,1
15,5021431,0,0,1,0,0.0584795321637427,0,1,3,1,-18907.0,-2470,1,0,0,0,14,1,1
16,5021998,1,0,1,0,0.03508771929824561,1,4,1,1,-18863.0,-1644,1,0,0,1,3,2,1
17,5022053,1,0,0,0,0.108187134502924,3,1,3,1,-12811.0,-4327,1,0,0,0,3,1,1
18,5022617,1,1,1,0,0.108187134502924,0,4,0,1,-12022.0,-1674,1,0,0,1,8,2,1
19,5023781,1,0,1,0,0.07894736842105264,0,1,0,1,-17800.0,-1086,1,0,0,0,0,2,1
20,5023831,0,0,1,2,0.0497076023391813,0,4,1,1,-12135.0,-925,1,0,0,0,14,4,1
21,5024071,0,0,1,0,0.09356725146198831,3,1,1,1,-15976.0,-854,1,0,0,0,8,2,1
22,5024213,0,1,1,0,0.3274853801169591,0,1,1,1,-15702.0,-185,1,0,1,0,3,2,1
23,5028580,1,0,0,0,0.3274853801169591,0,1,1,1,-19996.0,-691,1,0,0,0,10,2,1
24,5029028,0,0,1,0,0.03508771929824561,3,3,3,4,-12026.0,-4770,1,0,0,0,1,2,1
25,5033453,0,0,0,0,0.06432748538011697,3,1,3,1,-10749.0,-2394,1,0,0,0,8,1,1
26,5033514,0,1,0,1,0.06432748538011697,3,4,1,1,-15952.0,-384,1,1,0,0,14,3,1
27,5033916,1,0,1,0,0.09356725146198831,3,4,1,1,-13015.0,-3647,1,0,0,0,3,2,1
28,5036469,1,1,0,0,0.0497076023391813,2,4,3,1,-20333.0,-1546,1,0,0,0,4,2,1
29,5036590,1,1,1,0,0.16666666666666669,3,1,1,1,-21055.0,-808,1,0,0,0,4,2,1
30,5036795,1,1,1,0,0.11637426900584796,0,4,1,1,-19175.0,-1285,1,0,1,0,8,2,1
31,5041522,1,1,1,0,0.2690058479532164,0,1,2,1,-16169.0,-855,1,1,1,0,3,1,1
32,5042064,0,1,0,2,0.152046783625731,2,1,1,1,-16053.0,-7369,1,1,1,0,3,4,1
33,5046324,0,0,1,1,0.07894736842105264,0,4,3,1,-15466.0,-2269,1,0,1,0,9,3,1
34,5046328,0,0,1,1,0.07894736842105264,1,4,3,1,-15466.0,-2269,1,0,1,0,9,3,1
35,5047662,0,0,1,1,0.020467836257309944,0,4,1,1,-18880.0,-4114,1,0,0,0,0,3,1
36,5048300,1,1,0,1,0.09356725146198831,0,4,1,1,-11091.0,-1161,1,0,0,0,8,3,1
37,5048301,1,1,0,1,0.09356725146198831,0,4,1,1,-11091.0,-1161,1,0,0,0,8,3,1
38,5050603,1,0,0,0,0.07894736842105264,3,4,1,1,-18327.0,-7288,1,1,0,0,8,2,1
39,5050606,1,0,0,0,0.07894736842105264,3,4,1,1,-18327.0,-7288,1,1,0,0,8,2,1
40,5050671,1,0,0,0,0.08771929824561404,0,2,3,1,-11610.0,-166,1,1,1,0,6,1,1
41,5051160,1,1,0,1,0.06432748538011697,3,4,1,1,-9594.0,-866,1,0,0,0,8,3,1
42,5051161,1,1,0,1,0.06432748538011697,3,4,1,1,-9594.0,-866,1,0,0,0,8,3,1
43,5052659,0,0,1,0,0.04385964912280703,3,4,1,1,-10396.0,-564,1,0,0,1,7,2,1
44,5052661,0,0,1,0,0.04385964912280703,3,4,1,1,-10396.0,-564,1,0,0,1,7,2,1
45,5052877,1,1,1,0,0.12280701754385967,3,4,1,1,-17915.0,-3366,1,0,0,0,4,2,1
46,5052879,1,1,1,0,0.12280701754385967,3,4,1,1,-17915.0,-3366,1,0,0,0,4,2,1
47,5052882,1,1,1,0,0.12280701754385967,3,4,1,1,-17915.0,-3366,1,0,0,0,4,2,1
48,5053254,0,1,1,0,0.09356725146198831,0,4,1,1,-18667.0,-2150,1,1,0,0,10,2,1
49,5054063,1,0,0,1,0.07894736842105264,3,4,1,1,-16424.0,-1458,1,0,0,0,4,3,1
50,5054068,1,0,0,1,0.07894736842105264,3,4,1,1,-16424.0,-1458,1,0,0,0,4,1,1
51,5054524,0,0,0,2,0.09356725146198831,3,4,1,1,-16611.0,-8369,1,0,0,0,3,4,1
52,5054525,0,0,0,2,0.09356725146198831,3,4,3,1,-16611.0,-8369,1,0,0,0,3,4,1
53,5058530,1,0,0,0,0.23099415204678364,3,4,3,2,-9242.0,-508,1,0,0,0,14,1,1
54,5058531,1,0,0,0,0.23099415204678364,3,4,3,2,-9242.0,-508,1,0,0,0,14,1,1
55,5058532,1,0,0,0,0.23099415204678364,3,4,3,2,-16047.0,-508,1,0,0,0,14,1,1
56,5061691,0,0,1,1,0.020467836257309944,0,1,1,1,-9122.0,-1567,1,0,0,1,17,3,1
57,5062136,1,0,0,1,0.09356725146198831,3,4,3,1,-12947.0,-137,1,0,0,0,8,2,1
58,5062137,1,0,1,1,0.09851807680119841,3,4,3,1,-12947.0,-137,1,0,0,0,8,2,1
59,5065348,0,1,1,0,0.108187134502924,3,1,1,1,-15160.0,-3974,1,0,0,0,6,2,1
60,5065462,0,0,0,0,0.07894736842105264,0,4,1,1,-19004.0,-1570,1,0,0,0,3,2,1
61,5065518,0,1,0,1,0.108187134502924,3,1,1,4,-9510.0,-2878,1,0,0,0,8,3,1
62,5068389,0,1,1,1,0.152046783625731,3,1,2,1,-14052.0,-140,1,0,1,0,14,2,1
63,5068456,0,1,0,0,0.06432748538011697,0,4,1,1,-13581.0,-2576,1,0,0,0,3,2,1
64,5069216,0,1,1,0,0.1432748538011696,0,1,1,1,-11210.0,-1724,1,1,0,0,0,2,1
65,5069218,0,1,1,0,0.1432748538011696,0,1,3,1,-11210.0,-1724,1,1,0,0,0,2,1
66,5069307,1,0,1,0,0.07894736842105264,3,4,1,1,-15640.0,-1328,1,0,0,0,3,2,1
67,5078820,0,0,0,2,0.12280701754385967,0,4,1,1,-14476.0,-4987,1,0,0,0,6,4,1
68,5078945,0,0,1,2,0.09356725146198831,3,2,2,1,-12253.0,-3496,1,1,0,0,3,3,1
69,5078946,0,0,1,2,0.09356725146198831,3,2,2,1,-12253.0,-3496,1,1,0,0,3,3,1
70,5079166,1,1,0,0,0.108187134502924,3,4,1,5,-13720.0,-1394,1,0,0,0,8,2,1
71,5079167,1,1,0,0,0.108187134502924,3,4,1,5,-13720.0,-1394,1,0,0,0,8,2,1
72,5079168,1,1,0,0,0.108187134502924,3,4,1,5,-13720.0,-1394,1,0,0,0,8,2,1
73,5085886,1,1,1,0,0.18128654970760236,0,1,1,1,-18661.0,-1265,1,0,0,0,10,2,1
74,5089162,0,1,0,0,0.12280701754385967,3,1,1,1,-20264.0,-2531,1,1,1,0,0,2,1
75,5089959,1,0,1,1,0.0584795321637427,0,4,0,1,-12755.0,-2105,1,0,0,0,3,3,1
76,5090166,0,0,1,1,0.41520467836257313,0,4,3,1,-15452.0,-860,1,0,0,0,16,2,1
77,5090214,1,1,1,0,0.06432748538011697,3,4,1,1,-10712.0,-217,1,0,0,0,8,2,1
78,5090216,1,1,1,0,0.06432748538011697,3,4,1,1,-10712.0,-217,1,0,0,0,8,2,1
79,5092087,1,1,1,2,0.13742690058479534,3,4,1,1,-17320.0,-535,1,0,0,0,8,4,1
80,5092479,1,0,0,1,0.03216374269005848,2,4,1,2,-15014.0,-6866,1,0,0,0,3,3,1
81,5096527,0,0,0,0,0.06432748538011697,3,4,4,0,-20012.0,-584,1,0,0,0,3,1,1
82,5096528,0,0,0,0,0.06432748538011697,3,4,4,0,-20012.0,-584,1,0,0,0,3,1,1
83,5096743,0,0,1,0,0.09356725146198831,3,3,4,1,-16803.0,-2227,1,1,1,0,1,1,1
84,5097065,0,0,1,0,0.055555555555555566,3,4,1,1,-18971.0,-8161,1,0,0,0,10,2,1
85,5100430,1,1,0,0,0.09356725146198831,3,4,3,1,-16310.0,-613,1,0,0,0,8,1,1
86,5105056,1,1,0,0,0.1226608187134503,0,1,3,2,-11528.0,-606,1,0,1,1,6,1,1
87,5106077,0,0,1,0,0.06432748538011697,0,4,1,1,-19764.0,-6944,1,0,0,0,11,2,1
88,5113621,1,0,0,0,0.12280701754385967,3,4,4,2,-19406.0,-346,1,0,0,0,16,1,1
89,5114249,1,0,0,1,0.061403508771929835,3,2,1,4,-11331.0,-1808,1,1,1,0,3,3,1
90,5114253,1,0,0,1,0.061403508771929835,3,2,1,4,-11331.0,-1808,1,1,1,0,3,3,1
91,5115604,0,0,1,0,0.108187134502924,3,4,1,1,-14523.0,-3420,1,0,0,0,3,2,1
92,5115606,0,0,1,0,0.108187134502924,3,4,1,1,-14523.0,-3420,1,0,0,0,3,2,1
93,5115608,0,0,1,0,0.108187134502924,3,4,1,1,-14523.0,-3420,1,0,0,0,3,2,1
94,5115610,0,0,1,0,0.108187134502924,3,4,1,1,-14523.0,-3420,1,0,0,0,3,2,1
95,5115611,0,0,1,0,0.108187134502924,3,4,3,1,-14523.0,-3420,1,0,0,0,3,2,1
96,5116035,1,1,1,0,0.0584795321637427,3,1,3,1,-14522.0,-863,1,1,0,0,10,1,1
97,5116036,1,1,1,0,0.0584795321637427,3,1,3,1,-14522.0,-863,1,1,0,0,10,1,1
98,5116258,0,0,1,4,0.09356725146198831,0,4,1,1,-17468.0,-7413,1,0,0,0,3,6,1
99,5116906,1,1,1,0,0.11403508771929827,1,4,1,1,-15047.0,-7553,1,0,0,0,3,2,1
100,5117313,0,0,1,1,0.07894736842105264,0,4,1,1,-13022.0,-3931,1,1,1,0,8,3,1
101,5118541,0,0,1,0,0.023391812865497078,3,4,1,1,-18132.0,-1039,1,0,1,0,8,2,1
102,5125289,0,0,0,1,0.108187134502924,3,4,2,1,-13939.0,-134,1,0,0,0,8,2,1
103,5125708,0,1,1,0,0.06432748538011697,3,3,1,1,-16413.0,-622,1,0,1,0,6,2,1
104,5125716,0,1,1,0,0.06432748538011697,3,3,1,1,-16413.0,-622,1,0,1,0,6,2,1
105,5125761,1,0,1,0,0.152046783625731,0,4,3,2,-18020.0,-1595,1,0,0,0,2,1,1
106,5125763,1,1,0,1,0.06432748538011697,0,4,3,1,-13030.0,-1626,1,0,1,0,8,3,1
107,5125934,0,0,1,2,0.06432748538011697,0,3,0,5,-9862.0,-1868,1,1,0,0,14,4,1
108,5135344,1,0,1,0,0.0497076023391813,0,1,1,1,-20103.0,-555,1,0,0,0,16,2,1
109,5135345,1,0,1,0,0.0497076023391813,0,1,1,1,-20103.0,-555,1,0,0,0,16,2,1
110,5135346,1,0,1,0,0.0497076023391813,0,1,1,1,-20103.0,-555,1,0,0,0,16,2,1
111,5135485,0,0,1,0,0.06432748538011697,2,1,3,2,-10660.0,-1935,1,0,0,0,3,1,1
112,5135487,0,0,1,0,0.06432748538011697,2,1,3,2,-10660.0,-1935,1,0,0,0,3,1,1
113,5135636,1,1,1,0,0.10380116959064328,3,4,1,1,-18836.0,-931,1,1,1,0,8,2,1
114,5135990,0,0,1,1,0.35672514619883045,0,1,3,1,-10430.0,-900,1,0,0,0,10,2,1
115,5135991,0,0,1,1,0.35672514619883045,0,1,3,1,-10430.0,-900,1,0,0,0,10,2,1
116,5142183,1,1,1,2,0.2079463364293086,0,1,1,1,-17841.0,-4305,1,1,1,0,10,4,1
117,5142184,1,1,1,2,0.2690058479532164,0,1,1,1,-17841.0,-4305,1,1,1,0,10,4,1
118,5142185,1,1,1,2,0.2690058479532164,0,1,1,1,-17841.0,-4305,1,1,1,0,10,4,1
119,5142361,1,1,1,1,0.0497076023391813,3,4,1,1,-16204.0,-925,1,1,1,0,4,3,1
120,5142362,1,1,1,1,0.0497076023391813,3,4,1,1,-16204.0,-925,1,1,1,0,4,3,1
121,5142456,0,0,0,0,0.020467836257309944,0,1,2,1,-18952.0,-499,1,0,1,0,3,1,1
122,5142458,0,0,1,0,0.020467836257309944,0,1,2,1,-18952.0,-499,1,0,1,0,3,1,1
123,5142459,0,0,1,0,0.020467836257309944,0,1,2,1,-18952.0,-499,1,0,1,0,3,1,1
124,5143342,1,0,0,1,0.1169590643274854,3,4,1,2,-12946.0,-2418,1,0,0,1,8,3,1
125,5146005,1,1,1,0,0.12280701754385967,3,4,3,1,-10177.0,-189,1,0,0,1,10,1,1
126,5146079,0,0,1,1,0.04678362573099416,3,4,1,1,-12723.0,-1132,1,1,1,0,14,3,1
127,5146167,0,0,1,0,0.06432748538011697,3,4,1,1,-20296.0,-1770,1,0,0,0,16,2,1
128,5146444,0,0,1,0,0.06432748538011697,3,4,4,1,-14394.0,-919,1,0,1,0,10,1,1
129,5148932,1,1,0,0,0.04678362573099416,3,4,1,3,-17209.0,-1081,1,0,0,0,16,2,1
130,5148934,1,1,0,0,0.04678362573099416,3,4,1,3,-17209.0,-1081,1,0,0,0,16,2,1
131,5149188,1,1,0,1,0.2690058479532164,3,1,1,1,-9847.0,-502,1,0,1,1,3,3,1
132,5149190,1,1,0,1,0.2690058479532164,3,1,1,1,-9847.0,-502,1,0,1,1,3,3,1
133,5149828,1,1,1,0,0.18128654970760236,3,4,1,1,-17348.0,-2420,1,0,0,0,10,2,1
134,5149834,0,0,1,0,0.07894736842105264,0,1,1,1,-12387.0,-1325,1,0,1,1,11,2,1
135,5149838,0,0,1,0,0.07894736842105264,1,1,1,1,-12387.0,-1325,1,0,1,1,11,2,1
136,5118538,0,0,1,1,0.029239766081871347,3,4,1,2,-15749.0,-6367,1,1,1,0,1,3,0
137,5069057,1,1,0,0,0.12280701754385967,0,4,1,1,-17762.0,-2484,1,0,0,0,8,2,0
138,5066689,0,0,1,0,0.09356725146198831,0,1,0,1,-12946.0,-341,1,0,1,1,14,2,0
139,5086062,0,0,1,0,0.06432748538011697,2,4,1,1,-20542.0,-9422,1,0,1,0,3,2,0
140,5113717,0,0,0,1,0.06432748538011697,3,4,1,1,-16415.0,-3054,1,0,0,1,12,3,0
141,5066765,0,0,1,1,0.01754385964912281,0,4,1,1,-14550.0,-2987,1,0,0,0,14,3,0
142,5105227,0,0,1,0,0.06432748538011697,3,4,1,1,-17365.0,-2128,1,0,0,0,8,2,0
143,5067187,0,0,1,0,0.0497076023391813,3,1,1,1,-11432.0,-820,1,1,0,0,3,2,0
144,5033574,0,1,1,1,0.06926169590643276,3,4,1,1,-14222.0,-141,1,1,1,0,2,3,0
145,5046340,1,0,1,1,0.09356725146198831,3,3,1,1,-10581.0,-1692,1,1,0,0,3,3,0
146,5022326,1,1,1,0,0.1432748538011696,0,1,1,1,-21503.0,-1674,1,0,0,1,3,2,0
147,5065764,0,0,1,0,0.03508771929824561,3,4,3,1,-14746.0,-693,1,0,0,0,3,1,0
148,5067849,0,0,1,0,0.09356725146198831,0,4,3,1,-14756.0,-567,1,0,0,0,3,1,0
149,5097169,0,0,0,0,0.03508771929824561,0,4,3,1,-10731.0,-885,1,0,0,0,14,1,0
150,5067723,0,0,1,1,0.19590643274853803,3,0,3,1,-12555.0,-2769,1,0,0,0,3,2,0
151,5056077,1,1,1,0,0.03508771929824561,3,4,1,1,-12154.0,-1547,1,0,0,0,3,2,0
152,5143016,1,0,0,0,0.09356725146198831,0,4,0,4,-14542.0,-3179,1,0,0,0,8,2,0
153,5021445,0,0,1,0,0.055555555555555566,3,4,1,5,-13315.0,-5204,1,1,1,0,3,2,0
154,5053592,0,0,1,1,0.05263157894736843,3,3,4,1,-17633.0,-3072,1,0,1,0,3,2,0
155,5116163,0,0,1,2,0.03508771929824561,3,4,1,1,-9899.0,-320,1,0,0,0,16,4,0
156,5041273,1,0,1,0,0.26608187134502925,0,1,2,1,-19298.0,-2469,1,0,0,0,3,1,0
157,5066627,1,1,1,0,0.07894736842105264,3,4,1,1,-16047.0,-583,1,0,0,0,3,2,0
158,5125399,1,1,0,0,0.0497076023391813,3,4,1,1,-10066.0,-834,1,0,0,0,8,2,0
159,5067345,0,1,0,0,0.09356725146198831,0,4,1,1,-16541.0,-1085,1,0,1,0,3,2,0
160,5053711,0,1,0,2,0.07894736842105264,0,2,1,1,-12857.0,-1399,1,0,0,1,3,4,0
161,5096234,0,0,0,0,0.05263157894736843,3,4,1,1,-17087.0,-7310,1,1,1,0,11,2,0
162,5125158,1,0,1,1,0.12865497076023394,3,4,1,1,-11970.0,-1748,1,0,0,0,8,3,0
163,5143231,0,1,1,1,1.0,0,1,3,1,-10142.0,-2479,1,0,0,0,10,2,0
164,5062688,1,1,1,0,0.13742690058479534,2,4,1,2,-20112.0,-875,1,1,0,1,6,2,0
165,5105685,0,0,1,2,0.07017543859649124,3,4,1,1,-14132.0,-2805,1,1,1,0,12,4,0
166,5115984,1,1,1,2,0.09356725146198831,3,1,1,1,-13174.0,-2477,1,0,0,0,10,4,0
167,5085769,0,0,1,0,0.09356725146198831,0,4,1,1,-19310.0,-1477,1,0,0,0,1,2,0
168,5065363,0,0,1,1,0.1169590643274854,3,1,3,1,-10512.0,-1782,1,0,1,0,3,2,0
169,5140074,0,0,1,0,0.03508771929824561,0,4,1,1,-15124.0,-431,1,0,0,0,3,2,0
170,5091963,1,1,0,0,0.09356725146198831,3,4,1,2,-18809.0,-1416,1,1,0,0,4,2,0
171,5067149,1,0,0,2,0.12280701754385967,3,2,1,1,-13969.0,-263,1,0,0,0,3,4,0
172,5096424,1,1,0,0,0.152046783625731,0,1,2,1,-11621.0,-2349,1,0,1,0,3,1,0
173,5029348,1,1,1,0,0.152046783625731,3,1,1,1,-10942.0,-412,1,0,0,0,4,2,0
174,5096061,0,0,0,2,0.024269005847953214,3,4,1,1,-14321.0,-7068,1,0,0,0,11,4,0
175,5028917,0,1,1,0,0.0497076023391813,3,4,1,1,-17202.0,-1787,1,0,0,0,14,2,0
176,5117778,0,1,0,0,0.07017543859649124,3,4,4,1,-14407.0,-1345,1,0,0,0,5,1,0
177,5095310,0,1,1,0,0.12280701754385967,3,1,1,1,-12322.0,-3717,1,0,0,0,3,2,0
178,5050655,0,0,0,0,0.0497076023391813,3,4,1,1,-14667.0,-1048,1,1,1,0,0,2,0
179,5033817,0,1,0,1,0.16666666666666669,2,1,1,1,-16010.0,-2667,1,0,1,0,3,3,0
180,5052963,1,1,1,0,0.06432748538011697,0,4,1,1,-9984.0,-2606,1,0,0,0,8,2,0
181,5113159,1,1,1,0,0.07894736842105264,0,4,3,2,-9862.0,-2135,1,1,0,0,8,1,0
182,5143235,0,1,1,1,1.0,0,1,3,1,-10142.0,-2479,1,0,0,0,10,2,0
183,5132800,0,0,1,0,0.07894736842105264,3,4,2,1,-18540.0,-1534,1,0,0,0,14,1,0
184,5090549,0,0,1,0,0.07894736842105264,3,4,1,1,-15241.0,-2531,1,0,0,0,3,2,0
185,5054522,0,1,1,1,0.06432748538011697,3,1,1,1,-10014.0,-2311,1,0,0,0,3,3,0
186,5051061,0,0,0,2,0.0497076023391813,0,4,1,1,-11945.0,-1323,1,0,1,0,3,4,0
187,5010707,1,1,0,0,0.108187134502924,3,4,1,1,-15862.0,-5061,1,0,1,0,4,2,0
188,5028984,0,0,1,0,0.1023391812865497,3,4,2,1,-19063.0,-2213,1,1,1,1,8,1,0
189,5126034,0,1,1,0,0.04678362573099416,3,4,2,1,-17171.0,-925,1,0,0,1,1,1,0
190,5090470,1,0,1,1,0.5614035087719299,3,4,1,1,-15380.0,-4509,1,0,0,0,8,3,0
191,5021775,0,0,1,0,0.16666666666666669,0,1,0,1,-14522.0,-1552,1,0,0,0,8,2,0
192,5046415,1,1,1,0,0.152046783625731,3,1,1,1,-14466.0,-1569,1,0,1,0,3,2,0
193,5117314,1,0,1,1,0.16666666666666669,3,4,1,1,-16632.0,-1679,1,0,0,0,8,3,0
194,5009195,0,0,0,0,0.16666666666666669,2,4,1,1,-20953.0,-8684,1,1,1,0,0,2,0
195,5139548,0,1,1,2,0.07894736842105264,0,1,1,1,-13584.0,-6337,1,0,1,0,11,4,0
196,5096416,0,0,0,0,0.026315789473684213,3,4,1,1,-16876.0,-97,1,1,0,0,3,2,0
197,5042286,0,0,1,0,0.07894736842105264,3,4,3,1,-10809.0,-1222,1,0,0,0,15,1,0
198,5050729,1,1,0,0,0.09356725146198831,3,4,3,5,-8528.0,-531,1,0,0,0,3,1,0
199,5050973,0,0,0,1,0.0497076023391813,2,4,3,1,-15964.0,-7591,1,0,0,0,3,2,0
200,5044935,1,0,1,2,0.2105263157894737,2,1,1,1,-16027.0,-5639,1,0,1,0,10,4,0
201,5113539,0,0,1,0,0.07894736842105264,3,4,1,1,-20976.0,-1776,1,0,0,0,8,2,0
202,5033452,0,0,0,0,0.0497076023391813,3,4,1,1,-19143.0,-5498,1,1,1,0,3,2,0
203,5065335,1,0,1,0,0.108187134502924,0,3,1,4,-9766.0,-1935,1,0,1,0,14,2,0
204,5145978,0,1,0,0,0.0497076023391813,2,4,4,1,-19538.0,-5880,1,0,0,0,15,1,0
205,5105614,0,1,1,2,0.06432748538011697,3,1,1,1,-12334.0,-460,1,0,0,0,0,4,0
206,5038845,0,0,1,0,0.04385964912280703,0,4,1,1,-17007.0,-1569,1,1,1,0,14,2,0
207,5105556,0,0,1,0,0.07894736842105264,3,4,1,1,-19802.0,-4532,1,0,0,0,8,2,0
208,5028383,1,1,0,0,0.19590643274853803,3,4,3,5,-11344.0,-3309,1,0,0,0,3,1,0
209,5009980,0,1,1,0,0.09356725146198831,2,4,1,1,-20644.0,-3873,1,0,0,0,11,2,0
210,5009706,0,0,0,0,0.07894736842105264,3,1,1,1,-11644.0,-344,1,0,0,0,10,2,0
211,5146463,1,1,0,0,0.2105263157894737,2,1,1,1,-9983.0,-1923,1,0,0,0,3,2,0
212,5112662,0,0,0,1,0.06432748538011697,0,4,1,1,-12269.0,-604,1,0,0,0,10,3,0
213,5096796,1,1,1,0,0.19590643274853803,3,1,2,1,-13188.0,-584,1,0,0,0,8,1,0
214,5066597,0,0,0,1,0.2105263157894737,0,1,0,1,-14805.0,-1922,1,0,0,0,14,3,0
215,5047704,0,0,1,2,0.08928701963241438,3,4,3,1,-14717.0,-1496,1,0,0,0,3,3,0
216,5009074,0,1,1,1,0.2690058479532164,2,1,1,1,-17726.0,-708,1,0,1,1,3,3,0
217,5090954,0,0,0,0,0.152046783625731,2,4,2,1,-19363.0,-12332,1,0,1,1,11,1,0
218,5143019,1,0,0,0,0.152046783625731,3,4,1,5,-11768.0,-622,1,1,1,0,8,2,0
219,5118617,0,0,0,0,0.152046783625731,0,1,3,1,-15770.0,-5209,1,0,0,0,14,1,0
220,5042232,0,0,1,0,0.0497076023391813,0,4,3,1,-12849.0,-6273,1,1,0,0,14,1,0
221,5125317,1,1,0,0,0.16666666666666669,0,4,1,1,-20874.0,-2722,1,0,0,0,3,2,0
222,5068038,0,0,0,0,0.0497076023391813,2,4,1,5,-17164.0,-9363,1,0,0,0,11,2,0
223,5038814,0,0,1,0,0.13742690058479534,0,4,1,1,-19366.0,-746,1,0,0,0,3,2,0
224,5095356,0,0,0,0,0.07894736842105264,3,4,3,5,-9020.0,-1039,1,0,0,0,14,1,0
225,5037266,1,1,0,0,0.12280701754385967,3,4,3,1,-11892.0,-1322,1,0,0,0,4,1,0
226,5052865,0,0,1,0,0.038011695906432746,0,2,1,1,-13870.0,-3458,1,1,1,0,14,2,0
227,5096211,1,0,0,0,0.029239766081871347,3,4,0,1,-14211.0,-158,1,1,0,0,9,2,0
228,5023280,0,1,1,0,0.09356725146198831,0,4,1,1,-16701.0,-2457,1,0,0,0,14,2,0
229,5132340,0,0,1,2,0.10526315789473686,0,2,2,1,-15646.0,-2811,1,0,0,0,3,3,0
230,5136012,0,0,0,3,0.09356725146198831,3,1,1,1,-13678.0,-7018,1,0,0,0,3,5,0
231,5045917,1,1,1,0,0.18128654970760236,0,4,1,4,-16990.0,-2026,1,0,0,0,4,2,0
232,5041073,0,0,1,0,0.020467836257309944,3,4,3,1,-18179.0,-188,1,0,0,0,8,2,0
233,5149660,0,0,1,1,0.09356725146198831,0,4,0,1,-11920.0,-2967,1,0,0,0,13,3,0
234,5022756,0,0,0,1,0.108187134502924,0,4,2,1,-10800.0,-3166,1,0,0,0,14,2,0
235,5036562,0,0,0,1,0.0497076023391813,3,4,1,1,-11953.0,-5107,1,1,0,0,3,3,0
236,5117754,1,1,0,0,0.1754385964912281,3,4,1,1,-16011.0,-1649,1,0,0,0,10,2,0
237,5125281,0,0,1,1,0.03508771929824561,3,4,1,1,-16280.0,-3694,1,0,0,1,14,3,0
238,5149039,0,0,1,2,0.152046783625731,0,1,0,1,-11008.0,-3697,1,0,0,0,8,4,0
239,5021267,0,1,1,1,0.152046783625731,3,4,1,1,-14512.0,-4596,1,0,0,0,8,3,0
240,5125166,1,0,1,1,0.12865497076023394,3,4,1,1,-11970.0,-1748,1,0,0,0,8,3,0
241,5125524,1,0,0,2,0.08771929824561404,3,4,1,2,-13865.0,-5674,1,1,1,0,3,4,0
242,5010089,0,0,0,0,0.12280701754385967,0,4,1,1,-10304.0,-1682,1,0,0,0,8,2,0
243,5126457,0,0,0,0,0.038011695906432746,3,1,1,1,-16825.0,-196,1,0,0,0,16,2,0
244,5142763,0,0,0,0,0.05263157894736843,0,4,3,5,-10021.0,-530,1,0,0,0,14,1,0
245,5023261,1,1,1,0,0.09356725146198831,0,4,1,1,-21202.0,-1696,1,0,0,0,4,2,0
246,5090861,0,1,1,0,0.108187134502924,0,4,1,1,-19765.0,-2168,1,0,0,0,14,2,0
247,5118397,1,0,0,0,0.06432748538011697,3,4,1,1,-17154.0,-1649,1,0,0,0,4,2,0
248,5033628,0,0,1,0,0.08479532163742691,2,1,1,1,-23599.0,-13382,1,0,0,0,3,2,0
249,5069399,1,0,1,0,0.07894736842105264,3,4,3,1,-8396.0,-1509,1,1,1,0,3,1,0
250,5008889,0,0,1,0,0.13742690058479534,0,1,2,4,-17016.0,-1347,1,0,0,0,3,1,0
251,5022041,1,0,1,0,0.09356725146198831,3,4,1,1,-10049.0,-1405,1,0,0,1,14,2,0
252,5126124,0,1,0,0,0.023391812865497078,3,4,1,1,-15185.0,-227,1,1,1,0,11,2,0
253,5023563,0,0,1,0,0.108187134502924,3,4,4,1,-17782.0,-9975,1,0,0,0,3,1,0
254,5050853,1,0,0,0,0.09356725146198831,0,1,3,1,-9488.0,-1505,1,0,0,0,6,1,0
255,5024412,1,1,0,0,0.152046783625731,3,1,1,1,-18582.0,-5084,1,0,0,0,10,2,0
256,5090612,0,1,0,0,0.108187134502924,3,1,1,1,-13788.0,-2905,1,0,0,0,0,2,0
257,5028274,0,1,0,2,0.2105263157894737,3,2,1,1,-12730.0,-2213,1,0,0,0,0,4,0
258,5028996,1,1,1,0,0.152046783625731,3,1,1,1,-12262.0,-356,1,0,0,0,3,2,0
259,5126322,0,0,0,0,0.152046783625731,3,4,1,1,-17778.0,-1719,1,1,1,0,6,2,0
260,5053610,0,0,1,0,0.0497076023391813,3,4,1,2,-20589.0,-3680,1,0,0,0,3,2,0
261,5069227,0,1,1,0,0.10805717998700456,0,4,1,1,-17330.0,-962,1,0,1,0,14,2,0
262,5137401,0,0,0,0,0.07894736842105264,3,1,2,1,-17237.0,-3000,1,0,0,0,11,1,0
263,5142812,1,1,0,0,0.108187134502924,2,4,1,1,-11648.0,-4275,1,1,1,0,3,2,0
264,5053354,0,1,0,0,0.12280701754385967,3,4,1,1,-18362.0,-110,1,0,0,0,8,2,0
265,5087944,0,0,1,0,0.023391812865497078,3,4,4,1,-19923.0,-2078,1,1,1,0,1,1,0
266,5035688,0,1,1,0,0.06432748538011697,3,4,0,1,-16505.0,-8377,1,0,0,0,8,2,0
267,5068491,1,0,0,1,0.18128654970760236,0,1,1,1,-18321.0,-110,1,0,1,0,3,3,0
268,5009739,0,1,0,0,0.040935672514619895,3,4,1,1,-14657.0,-4392,1,1,1,0,3,2,0
269,5096991,0,0,1,1,0.12280701754385967,0,1,1,1,-12272.0,-126,1,0,0,0,3,3,0
270,5067982,1,1,1,0,0.0760233918128655,3,1,2,5,-20013.0,-7640,1,0,0,1,10,1,0
271,5135982,0,0,1,0,0.2514619883040936,0,4,2,1,-13480.0,-3153,1,0,0,0,12,1,0
272,5046362,0,0,1,0,0.03508771929824561,3,4,0,5,-14386.0,-139,1,1,1,0,14,2,0
273,5066817,0,1,0,1,0.2105263157894737,3,1,4,1,-16480.0,-4023,1,0,0,1,10,2,0
274,5068888,0,0,1,0,0.12280701754385967,3,4,1,1,-23537.0,-4888,1,0,0,0,11,2,0
275,5056149,1,1,0,0,0.07894736842105264,3,4,1,1,-23424.0,-14887,1,0,0,0,8,2,0
276,5022308,0,0,1,0,0.03508771929824561,3,4,2,1,-19042.0,-3319,1,0,0,0,3,1,0
277,5068465,0,0,1,1,0.03508771929824561,0,4,1,1,-10175.0,-1966,1,0,1,0,12,3,0
278,5137033,1,1,0,1,0.0497076023391813,3,4,1,1,-14301.0,-200,1,0,1,0,8,3,0
279,5100220,1,1,1,2,0.18128654970760236,0,4,1,1,-15182.0,-6123,1,0,0,0,4,4,0
280,5078842,0,1,1,1,0.06432748538011697,3,4,1,5,-10532.0,-117,1,0,0,0,12,3,0
281,5010526,1,1,1,1,0.2690058479532164,3,1,1,3,-18476.0,-2625,1,0,0,0,10,3,0
282,5105150,0,0,1,0,0.03508771929824561,3,1,1,1,-18940.0,-1763,1,0,0,0,14,2,0
283,5045253,0,0,1,1,0.152046783625731,3,4,1,1,-20854.0,-3689,1,0,0,0,3,3,0
284,5100000,0,0,0,1,0.09356725146198831,0,4,1,1,-15226.0,-3414,1,0,0,0,14,3,0
285,5029725,0,0,1,1,0.06432748538011697,0,1,1,1,-9778.0,-2910,1,1,0,1,3,3,0
286,5090925,0,0,1,0,0.1345029239766082,0,4,1,5,-17000.0,-3412,1,0,0,0,8,2,0
287,5115947,1,1,1,0,0.12280701754385967,3,4,3,1,-9586.0,-1107,1,0,0,0,3,1,0
288,5022373,0,0,1,1,0.12865497076023394,3,4,3,1,-20693.0,-8036,1,0,0,0,3,2,0
289,5149040,0,0,1,0,0.09356725146198831,3,4,0,1,-19750.0,-3608,1,0,0,0,8,2,0
290,5113291,0,1,1,2,0.055555555555555566,3,2,1,1,-11327.0,-101,1,1,1,0,3,4,0
291,5139951,0,1,1,0,0.055555555555555566,2,4,1,1,-19988.0,-3231,1,1,0,0,3,2,0
292,5028697,1,1,0,1,0.152046783625731,3,1,1,4,-10817.0,-203,1,0,1,0,8,3,0
293,5009443,0,0,0,0,0.03508771929824561,2,4,1,1,-9489.0,-1682,1,0,1,0,3,2,0
294,5096621,0,0,0,1,0.06432748538011697,3,4,1,1,-14461.0,-1589,1,0,1,0,8,3,0
295,5149150,1,1,1,0,0.13742690058479534,3,4,1,1,-10952.0,-3577,1,1,0,0,8,2,0
296,5118448,0,0,0,1,0.026315789473684213,3,4,1,1,-10080.0,-735,1,1,0,0,14,3,0
297,5116818,1,0,1,0,0.03216374269005848,2,4,2,0,-16542.0,-8737,1,1,1,0,3,1,0
298,5022833,1,1,1,0,0.108187134502924,3,4,1,1,-17262.0,-1617,1,0,0,0,3,2,0
299,5010397,0,1,1,1,0.12280701754385967,3,1,1,1,-14148.0,-1591,1,1,1,0,6,3,0
300,5047789,0,1,1,0,0.12280701754385967,0,1,1,1,-10457.0,-979,1,0,0,0,3,2,0
301,5105657,0,1,1,2,0.3274853801169591,3,1,3,1,-14160.0,-422,1,0,1,1,3,3,0
302,5150047,0,0,1,0,0.16081871345029242,3,4,1,1,-17958.0,-655,1,0,0,0,14,2,0
303,5021682,1,0,1,0,0.09356725146198831,0,4,2,1,-18745.0,-3653,1,0,0,0,1,1,0
304,5088699,0,1,1,0,0.14035087719298248,3,4,1,1,-17562.0,-1261,1,0,0,0,11,2,0
305,5115797,0,0,1,1,0.06432748538011697,0,4,3,1,-14578.0,-7346,1,0,0,0,8,2,0
306,5096466,1,1,0,1,0.2690058479532164,3,1,1,1,-19410.0,-5545,1,1,0,0,10,3,0
307,5146472,0,1,1,0,0.09356725146198831,0,1,0,1,-14133.0,-3810,1,0,0,0,14,2,0
308,5095193,1,1,1,1,0.29824561403508776,0,4,1,1,-16047.0,-1190,1,0,1,0,10,3,0
309,5068156,1,1,1,0,0.09356725146198831,3,4,1,1,-19565.0,-3246,1,0,0,0,3,2,0
310,5117756,1,1,0,0,0.1754385964912281,3,4,1,1,-16011.0,-1649,1,0,0,0,10,2,0
311,5066507,0,0,1,0,0.07894736842105264,3,4,3,1,-17538.0,-7676,1,0,1,0,12,1,0
312,5143164,0,0,0,2,0.09356725146198831,0,4,1,1,-13791.0,-1353,1,1,0,0,0,4,0
313,5088834,0,0,1,0,0.37426900584795325,2,4,1,1,-12563.0,-3715,1,0,0,1,0,2,0
314,5135841,0,0,1,1,0.0,3,4,1,1,-12417.0,-1113,1,0,1,0,3,3,0
315,5023059,1,1,1,1,0.0497076023391813,3,4,1,1,-11279.0,-508,1,0,0,0,8,3,0
316,5125325,1,1,0,0,0.16666666666666669,0,4,1,1,-20874.0,-2722,1,0,0,0,3,2,0
317,5135574,0,1,1,0,0.09356725146198831,3,4,1,1,-11749.0,-992,1,0,0,0,11,2,0
318,5009053,0,0,1,2,0.108187134502924,3,1,1,1,-10997.0,-2289,1,0,0,1,3,4,0
319,5028292,0,0,1,0,0.16666666666666669,3,1,2,1,-19736.0,-12621,1,0,1,0,3,1,0
320,5029108,1,1,0,1,0.18128654970760236,2,4,1,1,-13230.0,-3643,1,0,0,1,6,3,0
321,5091400,0,0,0,0,0.06432748538011697,3,4,1,5,-12278.0,-869,1,0,0,0,3,2,0
322,5050768,0,0,0,2,0.19590643274853803,3,4,1,1,-10990.0,-2174,1,0,0,0,3,4,0
323,5113420,0,0,0,1,0.07894736842105264,3,4,3,2,-12716.0,-5336,1,0,0,0,3,2,0
324,5113132,0,1,1,0,0.2105263157894737,0,4,1,1,-19033.0,-3535,1,0,0,0,14,2,0
325,5062670,0,1,1,1,0.06432748538011697,3,1,1,1,-14863.0,-4407,1,0,0,0,10,3,0
326,5029352,1,1,1,0,0.152046783625731,3,1,1,1,-10942.0,-412,1,0,0,0,4,2,0
327,5105067,1,0,1,0,0.07894736842105264,3,2,1,1,-13682.0,-453,1,1,1,0,3,2,0
328,5143573,1,1,0,0,0.07894736842105264,3,2,1,5,-9124.0,-960,1,1,0,0,4,2,0
329,5065673,0,0,0,0,0.06432748538011697,3,4,3,1,-11512.0,-4711,1,0,0,0,3,1,0
330,5029544,0,1,1,1,0.06345029239766083,0,4,1,1,-14596.0,-1965,1,0,0,0,3,3,0
331,5045800,1,1,1,1,0.2543859649122807,3,4,1,1,-11892.0,-2543,1,0,1,0,4,3,0
332,5111159,0,1,1,1,0.029239766081871347,3,1,1,1,-10648.0,-1393,1,1,1,0,3,3,0
333,5099957,0,1,1,1,0.12280701754385967,0,1,1,1,-11239.0,-460,1,0,0,0,0,3,0
334,5143360,0,0,1,0,0.0584795321637427,3,4,1,1,-22811.0,-2234,1,1,1,0,6,2,0
335,5091753,1,1,0,2,0.06432748538011697,3,1,1,1,-12725.0,-1631,1,0,0,0,3,4,0
336,5117403,0,0,0,0,0.038011695906432746,3,4,1,1,-16758.0,-1619,1,0,0,0,17,2,0
337,5149319,0,1,1,1,0.09356725146198831,3,1,2,1,-18838.0,-5981,1,0,0,0,10,2,0
338,5137542,0,0,0,0,0.07894736842105264,3,4,1,1,-18881.0,-3153,1,1,0,0,2,2,0
339,5095170,1,1,1,0,0.14035087719298248,0,1,1,1,-13796.0,-2682,1,0,0,0,4,2,0
340,5090780,0,0,0,1,0.108187134502924,3,4,1,1,-12047.0,-3443,1,0,0,0,10,3,0
341,5092242,0,0,0,0,0.05263157894736843,3,4,1,1,-20754.0,-2330,1,0,0,0,3,2,0
342,5068671,1,0,1,0,0.13742690058479534,3,2,1,1,-9159.0,-413,1,0,0,0,3,2,0
343,5087994,1,1,1,1,0.09356725146198831,0,2,0,1,-15547.0,-6645,1,0,0,0,3,3,0
344,5052739,0,0,1,2,0.09356725146198831,0,4,1,1,-10454.0,-505,1,0,0,1,6,4,0
345,5068747,0,0,0,0,0.07894736842105264,3,1,0,5,-13231.0,-201,1,0,0,0,0,2,0
346,5149353,1,1,1,0,0.11092836257309943,0,1,1,1,-12208.0,-3273,1,0,0,0,0,2,0
347,5024578,0,0,0,1,0.03508771929824561,3,4,1,5,-10253.0,-1462,1,0,0,0,8,3,0
348,5058405,1,1,1,0,0.13742690058479534,3,1,1,1,-12843.0,-2609,1,0,0,0,10,2,0
349,5041869,1,1,0,0,0.040935672514619895,2,4,1,1,-19433.0,-521,1,1,1,0,3,2,0
350,5115894,1,1,0,0,0.13742690058479534,0,4,1,1,-17455.0,-1321,1,0,0,0,4,2,0
351,5062749,1,1,0,1,0.108187134502924,2,1,1,1,-13387.0,-2467,1,0,0,0,3,3,0
352,5045611,0,0,1,2,0.03508771929824561,3,4,1,1,-11762.0,-716,1,0,0,0,3,4,0
353,5113288,0,1,1,2,0.055555555555555566,3,2,1,1,-11327.0,-101,1,1,1,0,3,4,0
354,5053003,0,1,1,0,0.07894736842105264,3,2,1,1,-9389.0,-1632,1,1,1,0,3,2,0
355,5118038,0,0,0,2,0.055555555555555566,3,1,1,1,-11697.0,-614,1,0,0,0,5,4,0
356,5091405,0,0,1,0,0.06432748538011697,3,4,3,1,-17579.0,-1904,1,1,0,0,8,1,0
357,5137022,0,0,0,0,0.09356725146198831,2,4,4,1,-18181.0,-351,1,1,1,0,8,1,0
358,5117594,0,0,0,0,0.07017543859649124,3,4,3,1,-16898.0,-7310,1,1,1,0,3,1,0
359,5137292,1,1,0,1,0.12280701754385967,3,4,1,1,-15243.0,-7260,1,1,1,0,6,3,0
360,5038751,1,1,1,2,0.07894736842105264,0,1,1,5,-14192.0,-626,1,0,0,0,4,4,0
361,5099900,1,1,1,0,0.07894736842105264,0,4,1,1,-20341.0,-6853,1,0,0,0,8,2,0
362,5116676,1,1,1,3,0.152046783625731,3,4,1,1,-13427.0,-458,1,1,0,0,8,5,0
363,5061321,0,1,1,1,0.14619883040935674,2,1,1,1,-15050.0,-1628,1,0,0,0,10,3,0
364,5139410,0,1,1,2,0.06432748538011697,2,4,1,1,-14439.0,-6094,1,1,0,0,3,4,0
365,5048486,1,1,1,0,0.108187134502924,3,4,1,1,-12992.0,-734,1,1,1,0,4,2,0
366,5091280,1,0,1,1,0.04385964912280703,3,4,1,1,-11822.0,-657,1,1,0,0,8,3,0
367,5023186,1,1,1,0,0.06432748538011697,3,4,1,1,-17235.0,-2700,1,0,1,0,3,2,0
368,5054307,1,0,0,1,0.06432748538011697,3,4,1,1,-10116.0,-880,1,0,0,0,8,3,0
369,5116879,0,0,0,0,0.0497076023391813,3,1,3,5,-11061.0,-157,1,1,1,0,6,1,0
370,5050453,1,0,1,1,0.12719298245614036,3,4,1,1,-14247.0,-135,1,0,0,0,3,3,0
371,5022804,0,1,1,0,0.108187134502924,3,1,4,1,-11998.0,-1497,1,0,0,0,10,1,0
372,5091374,1,1,1,0,0.13742690058479534,3,4,1,1,-15366.0,-1266,1,1,1,0,4,2,0
373,5135484,0,0,1,0,0.06432748538011697,2,1,3,2,-10660.0,-1935,1,0,0,0,3,1,0
374,5054188,0,0,0,0,0.06432748538011697,3,4,1,1,-11390.0,-515,1,0,1,0,14,2,0
375,5068548,1,1,1,0,0.05263157894736843,0,4,1,1,-19351.0,-1023,1,0,0,0,8,2,0
376,5053472,1,0,1,0,0.0497076023391813,3,4,1,1,-18516.0,-2129,1,1,1,0,9,2,0
377,5105395,0,0,1,0,0.06432748538011697,3,2,3,1,-10932.0,-575,1,0,0,0,15,1,0
378,5089722,0,0,0,0,0.18128654970760236,0,4,2,1,-17617.0,-3262,1,1,1,1,12,1,0
379,5066562,0,0,0,0,0.09356725146198831,0,2,1,5,-8247.0,-430,1,1,0,1,14,2,0
380,5062547,0,0,1,3,0.13742690058479534,0,2,1,1,-12099.0,-2207,1,0,0,1,3,5,0
381,5010203,1,1,1,0,0.06432748538011697,3,3,1,5,-9981.0,-1866,1,0,0,1,8,2,0
382,5024665,0,0,1,0,0.07894736842105264,3,4,1,1,-14425.0,-4568,1,1,1,0,8,2,0
383,5089626,0,0,0,0,0.18128654970760236,0,1,1,1,-16188.0,-309,1,1,1,1,14,2,0
384,5021373,0,0,1,0,0.13742690058479534,3,1,1,1,-22100.0,-578,1,0,0,1,10,2,0
385,5054699,1,1,1,0,0.07894736842105264,3,1,1,1,-16047.0,-6908,1,0,0,0,8,2,0
386,5051180,1,1,0,1,0.09851807680119841,3,4,1,1,-13086.0,-1931,1,0,1,0,8,3,0
387,5018461,0,0,1,1,0.08479532163742691,3,4,1,1,-20208.0,-8033,1,0,1,0,3,3,0
388,5096300,0,0,0,1,0.0497076023391813,0,4,1,1,-9320.0,-2257,1,0,0,0,6,3,0
389,5025047,0,1,0,3,0.0497076023391813,3,4,1,1,-11731.0,-3776,1,1,1,0,3,5,0
390,5053143,1,0,1,1,0.0584795321637427,3,4,0,1,-12301.0,-140,1,0,1,0,3,3,0
391,5038510,0,0,1,0,0.04385964912280703,3,2,1,1,-11855.0,-4583,1,0,0,0,8,2,0
392,5023482,0,0,1,1,0.054093567251462,3,4,1,1,-15931.0,-4404,1,1,1,0,3,3,0
393,5054099,1,1,0,2,0.108187134502924,3,1,1,1,-11736.0,-727,1,0,0,0,4,4,0
394,5062713,0,0,1,1,0.07894736842105264,3,4,1,1,-14510.0,-3805,1,0,0,0,3,3,0
395,5088851,0,1,1,0,0.0497076023391813,3,1,1,1,-11353.0,-2316,1,0,0,1,0,2,0
396,5111117,0,0,1,1,0.18128654970760236,3,1,1,1,-11602.0,-1455,1,0,0,0,10,3,0
397,5118115,1,0,0,1,0.152046783625731,0,4,1,1,-13538.0,-5422,1,1,1,0,4,3,0
398,5024258,1,0,1,0,0.08187134502923978,3,4,3,1,-11495.0,-581,1,0,0,0,16,1,0
399,5113976,1,1,0,0,0.152046783625731,3,2,1,1,-11955.0,-893,1,1,1,1,8,2,0
400,5099907,0,0,1,2,0.0497076023391813,3,2,1,1,-10927.0,-1860,1,0,0,0,3,4,0
401,5038932,0,0,1,0,0.038011695906432746,0,1,2,1,-14548.0,-6317,1,0,1,0,11,1,0
402,5078924,1,0,1,0,0.152046783625731,3,4,1,1,-16116.0,-1000,1,0,1,0,8,2,0
403,5068390,0,1,1,1,0.152046783625731,3,1,2,1,-14052.0,-140,1,0,1,1,14,2,0
404,5033788,0,0,1,1,0.18128654970760236,3,1,2,1,-15738.0,-4766,1,1,1,0,12,2,0
405,5010781,0,1,1,1,0.07894736842105264,0,1,1,1,-14474.0,-2259,1,0,0,1,3,3,0
406,5022761,0,0,1,0,0.09356725146198831,3,4,1,1,-9791.0,-1344,1,0,0,1,14,2,0
407,5041980,0,0,0,0,0.11403508771929827,0,1,1,5,-14636.0,-4690,1,1,1,0,8,2,0
408,5113854,1,0,0,0,0.108187134502924,3,4,3,1,-15323.0,-8290,1,1,0,0,8,1,0
409,5132264,0,0,0,0,0.07017543859649124,3,4,1,1,-16047.0,-2052,1,0,1,0,8,2,0
410,5142136,0,0,0,2,0.07017543859649124,3,4,1,1,-17001.0,-5004,1,0,0,0,11,4,0
411,5088163,0,0,1,0,0.152046783625731,3,4,3,1,-12922.0,-923,1,0,0,0,3,1,0
412,5146086,1,0,0,0,0.07309941520467837,3,4,3,2,-14122.0,-1193,1,0,0,1,8,1,0
413,5139553,0,1,1,2,0.07894736842105264,0,1,1,1,-13584.0,-6337,1,0,1,0,11,4,0
414,5041474,0,0,1,0,0.03508771929824561,0,1,1,1,-9006.0,-793,1,0,0,1,14,2,0
415,5118270,0,0,0,0,0.040935672514619895,3,4,1,5,-19566.0,-5453,1,1,0,0,11,2,0
416,5142290,0,0,1,1,0.08187134502923978,2,1,0,1,-15027.0,-88,1,0,0,0,0,3,0
417,5148792,0,0,1,0,0.108187134502924,0,4,4,1,-17450.0,-5495,1,0,0,0,10,1,0
418,5062031,0,1,1,0,0.12280701754385967,3,1,3,1,-9688.0,-593,1,0,1,1,3,1,0
419,5088836,0,0,1,0,0.37426900584795325,2,4,1,1,-12563.0,-3715,1,0,0,1,0,2,0
420,5035418,0,0,1,0,0.16666666666666669,3,1,1,1,-21111.0,-4816,1,0,0,0,3,2,0
421,5137407,0,0,0,0,0.07894736842105264,3,1,2,1,-17237.0,-3000,1,0,0,0,11,1,0
422,5086060,0,0,1,0,0.06432748538011697,2,4,1,1,-20542.0,-9422,1,0,1,0,3,2,0
423,5095117,0,0,1,0,0.020467836257309944,3,1,1,1,-14240.0,-1586,1,0,0,0,3,2,0
424,5146401,0,0,1,0,0.0497076023391813,3,4,2,1,-19682.0,-2104,1,1,0,0,1,1,0
425,5105137,0,0,1,0,0.0497076023391813,3,4,3,1,-9957.0,-1032,1,0,0,0,8,1,0
426,5053388,0,0,1,0,0.06432748538011697,3,4,0,1,-16300.0,-9698,1,0,0,1,10,2,0
427,5146467,1,1,0,0,0.2105263157894737,2,1,1,1,-9983.0,-1923,1,0,0,0,3,2,0
428,5113082,0,0,1,1,0.0497076023391813,3,1,3,1,-15303.0,-1131,1,0,0,0,3,2,0
429,5052755,1,0,1,0,0.12280701754385967,3,4,0,1,-10570.0,-1175,1,0,0,0,10,2,0
430,5022243,0,0,1,0,0.108187134502924,3,4,1,1,-15231.0,-8375,1,0,0,1,6,2,0
431,5113020,1,1,1,0,0.108187134502924,2,4,1,1,-14622.0,-2199,1,0,0,0,3,2,0
432,5058267,1,0,0,1,0.12280701754385967,0,4,1,5,-17868.0,-1912,1,0,0,0,4,3,0
433,5037247,1,1,1,2,0.0497076023391813,3,4,1,1,-12170.0,-926,1,0,0,0,8,4,0
434,5100461,1,1,1,1,0.108187134502924,0,4,0,1,-12417.0,-2499,1,0,0,0,6,3,0
435,5096753,1,1,0,0,0.19005847953216376,3,1,1,1,-14897.0,-2654,1,1,1,0,3,2,0
436,5091778,1,0,1,2,0.0497076023391813,0,4,1,1,-10874.0,-1174,1,1,0,0,8,4,0
437,5038569,1,1,1,0,0.108187134502924,3,4,1,1,-19974.0,-230,1,0,1,0,8,2,0
438,5069169,1,1,1,0,0.06432748538011697,3,4,1,1,-10314.0,-962,1,0,0,1,14,2,0
439,5065820,1,1,1,1,0.07894736842105264,3,4,1,1,-16047.0,-2276,1,0,0,0,8,3,0
440,5091048,0,0,1,2,0.152046783625731,0,1,1,1,-15438.0,-2197,1,0,0,1,15,4,0
441,5097134,1,1,1,0,0.07894736842105264,3,4,1,1,-11382.0,-2468,1,1,1,0,4,2,0
442,5097106,0,0,1,0,0.1023391812865497,3,4,1,1,-21026.0,-11448,1,0,1,0,3,2,0
443,5033884,1,1,1,0,0.03508771929824561,3,4,1,1,-20063.0,-932,1,1,1,0,3,2,0
444,5097024,1,1,0,0,0.10526315789473686,0,1,1,1,-13643.0,-2956,1,0,0,0,10,2,0
445,5091144,1,1,0,0,0.12280701754385967,3,4,1,1,-10785.0,-1345,1,0,0,0,3,2,0
446,5088503,1,1,1,0,0.023391812865497078,3,1,1,1,-21897.0,-619,1,0,0,0,16,2,0
447,5126142,1,1,0,2,0.108187134502924,3,4,1,1,-15904.0,-3787,1,0,0,0,8,4,0
448,5067020,0,1,1,1,0.13742690058479534,3,4,0,1,-17152.0,-1253,1,0,0,1,8,3,0
449,5061076,1,1,0,0,0.07894736842105264,2,4,1,1,-14926.0,-3242,1,1,0,0,3,2,0
450,5126527,0,0,0,0,0.12280701754385967,2,4,1,5,-12269.0,-196,1,0,1,0,11,2,0
451,5078931,1,0,0,0,0.0497076023391813,0,4,3,2,-15853.0,-298,1,0,1,0,8,1,0
452,5125471,1,1,1,1,0.2690058479532164,0,1,1,1,-17437.0,-1748,1,0,0,0,3,3,0
453,5025207,1,1,1,1,0.09356725146198831,0,4,1,1,-9901.0,-124,1,0,0,0,4,3,0
454,5042097,0,0,0,1,0.04678362573099416,3,4,2,1,-14349.0,-4082,1,0,1,0,3,2,0
455,5067653,0,0,1,0,0.48830409356725146,2,1,1,1,-17203.0,-1431,1,0,0,1,10,2,0
456,5089137,0,1,0,0,0.108187134502924,0,4,0,5,-14228.0,-5330,1,0,1,0,3,2,0
457,5065601,1,0,1,0,0.07894736842105264,0,4,1,1,-20867.0,-1266,1,0,1,0,8,2,0
458,5112833,0,0,1,1,0.03508771929824561,3,4,2,5,-13200.0,-1017,1,0,1,1,14,2,0
459,5024636,0,0,1,0,0.08928701963241438,3,4,1,1,-19922.0,-1128,1,0,0,0,3,2,0
460,5050549,1,0,0,2,0.12280701754385967,3,1,0,1,-16768.0,-3088,1,1,0,0,8,4,0
461,5065763,0,0,1,0,0.03508771929824561,3,4,3,1,-14746.0,-693,1,0,0,0,3,1,0
462,5089269,0,0,0,0,0.023391812865497078,3,4,3,1,-18799.0,-1466,1,1,0,0,1,1,0
463,5061207,1,1,1,14,0.12280701754385967,3,4,2,1,-17754.0,-1689,1,0,0,0,4,15,0
464,5028684,1,0,1,0,0.07894736842105264,3,4,1,1,-9582.0,-3003,1,0,0,1,8,2,0
465,5028737,1,0,1,0,0.2105263157894737,0,4,1,1,-12483.0,-4039,1,0,0,0,10,2,0
466,5113406,1,1,1,0,0.2690058479532164,0,1,3,1,-10837.0,-588,1,0,0,1,14,1,0
467,5025741,0,1,0,0,0.1169590643274854,3,1,1,2,-11974.0,-282,1,0,1,0,14,2,0
468,5045992,0,0,1,0,0.07894736842105264,0,4,1,1,-15256.0,-4491,1,0,0,0,8,2,0
469,5054453,1,1,1,0,0.18128654970760236,3,1,1,1,-17914.0,-1155,1,0,0,0,8,2,0
470,5024586,0,1,1,2,0.18128654970760236,2,4,1,1,-12348.0,-1220,1,0,0,0,10,4,0
471,5091929,0,1,0,0,0.06432748538011697,3,4,1,1,-18197.0,-657,1,0,0,0,3,2,0
472,5149034,0,0,1,0,0.09356725146198831,2,1,1,1,-17483.0,-1203,1,0,0,0,3,2,0
473,5114114,1,1,0,0,0.07894736842105264,3,4,2,1,-17054.0,-712,1,0,1,0,16,1,0
474,5142579,0,1,1,1,0.12865497076023394,3,4,3,1,-20668.0,-2844,1,0,0,0,3,2,0
475,5050756,1,1,0,0,0.12280701754385967,0,4,1,1,-18058.0,-4031,1,1,0,0,4,2,0
476,5047853,1,1,1,1,0.16666666666666669,0,1,1,1,-12569.0,-3322,1,0,0,0,3,3,0
477,5135819,0,0,1,0,0.03508771929824561,0,4,1,1,-19482.0,-2878,1,0,0,0,8,2,0
478,5105743,1,1,0,2,0.0497076023391813,3,1,1,1,-16047.0,-6693,1,1,1,0,6,4,0
479,5028280,0,0,0,1,0.07894736842105264,0,2,1,5,-11941.0,-2760,1,0,0,0,3,3,0
480,5095896,0,0,0,1,0.0497076023391813,0,1,1,1,-16018.0,-2532,1,1,1,0,10,3,0
481,5024352,1,1,1,0,0.35672514619883045,0,4,1,5,-16653.0,-1646,1,0,0,0,4,2,0
482,5100027,0,1,0,0,0.09356725146198831,3,4,1,1,-19317.0,-11542,1,0,0,0,11,2,0
483,5028337,0,1,0,1,0.12280701754385967,3,1,3,5,-13861.0,-5408,1,0,0,0,8,2,0
484,5090788,0,1,1,1,0.12280701754385967,0,4,2,1,-10909.0,-1374,1,0,0,0,10,2,0
485,5046126,0,0,1,0,0.06432748538011697,3,4,1,1,-20301.0,-3092,1,1,1,0,10,2,0
486,5092265,1,0,1,0,0.0497076023391813,3,4,0,1,-17837.0,-351,1,0,0,0,16,2,0
487,5114354,1,1,0,0,0.09356725146198831,0,4,1,2,-9810.0,-2993,1,1,0,0,3,2,0
488,5117248,0,0,1,2,0.0497076023391813,3,4,1,1,-12974.0,-2379,1,0,0,0,8,4,0
489,5024386,0,0,0,0,0.05263157894736843,3,4,1,2,-13494.0,-1281,1,0,0,0,14,2,0
490,5026178,1,1,1,0,0.06432748538011697,3,4,1,1,-19171.0,-7804,1,1,0,0,8,2,0
491,5033439,1,1,0,2,0.152046783625731,3,1,1,1,-11723.0,-3002,1,0,1,0,3,4,0
492,5089320,0,1,0,0,0.06432748538011697,0,1,1,1,-11616.0,-825,1,1,1,1,6,2,0
493,5053872,1,1,1,1,0.07894736842105264,3,4,1,1,-11627.0,-2128,1,0,0,0,3,3,0
494,5091735,0,1,1,0,0.1345029239766082,3,4,3,1,-14716.0,-2057,1,0,0,0,14,1,0
495,5105791,1,0,0,0,0.055555555555555566,2,2,3,1,-8947.0,-1611,1,1,0,0,8,1,0
496,5125928,1,0,1,1,0.06432748538011697,3,4,1,1,-11729.0,-652,1,0,0,0,8,3,0
497,5115662,1,1,1,0,0.12280701754385967,0,1,3,1,-15994.0,-2537,1,0,1,0,14,1,0
498,5029256,1,1,1,2,0.12280701754385967,3,1,1,1,-13456.0,-992,1,0,0,0,4,4,0
499,5136029,1,1,0,0,0.0497076023391813,2,4,1,1,-19532.0,-2331,1,0,0,0,8,2,0
500,5023177,0,0,1,1,0.19590643274853803,3,4,0,1,-17738.0,-4710,1,1,1,0,8,3,0
501,5021967,0,0,0,1,0.04385964912280703,3,4,1,1,-11720.0,-1191,1,0,0,0,14,3,0
502,5146534,0,1,0,1,0.020467836257309944,2,4,1,1,-15151.0,-1162,1,0,0,0,3,3,0
503,5088161,0,0,1,0,0.152046783625731,3,4,3,1,-12922.0,-923,1,0,0,0,3,1,0
504,5100394,1,0,1,1,0.18128654970760236,0,4,1,1,-12287.0,-3900,1,0,0,0,3,3,0
505,5095631,1,1,0,1,0.09356725146198831,3,1,1,1,-11178.0,-219,1,0,0,0,4,3,0
506,5113647,0,0,1,0,0.12280701754385967,3,2,1,1,-12262.0,-223,1,0,0,1,10,2,0
507,5046336,0,0,0,1,0.03216374269005848,3,4,0,1,-10217.0,-900,1,1,0,0,0,3,0
508,5028781,0,0,1,0,0.06432748538011697,3,4,1,1,-15836.0,-3034,1,0,0,0,3,2,0
509,5125730,0,1,1,1,0.054385964912280704,3,1,1,1,-13058.0,-3329,1,0,1,0,3,3,0
510,5023724,1,1,0,1,0.29824561403508776,3,4,1,1,-10261.0,-235,1,0,1,0,8,3,0
511,5116369,1,0,1,0,0.0497076023391813,3,4,1,1,-19511.0,-3503,1,0,0,0,4,2,0
512,5062214,0,0,1,2,0.0760233918128655,0,1,1,1,-13283.0,-1324,1,0,0,0,0,4,0
513,5009023,0,0,1,2,0.1169590643274854,2,1,1,1,-15444.0,-3112,1,0,0,1,3,4,0
514,5029191,0,0,1,0,0.108187134502924,3,4,1,1,-16047.0,-2959,1,0,0,0,14,2,0
515,5028946,0,0,1,0,0.03508771929824561,2,4,1,1,-17420.0,-234,1,0,0,0,3,2,0
516,5068470,0,0,0,1,0.04678362573099416,0,4,1,1,-15150.0,-719,1,0,0,0,11,3,0
517,5090049,0,0,1,0,0.02168421052631579,3,4,1,1,-15887.0,-217,1,1,1,0,8,2,0
518,5067730,0,0,1,1,0.06432748538011697,0,2,1,1,-10288.0,-2616,1,1,1,0,10,3,0
519,5092239,0,0,0,0,0.05263157894736843,3,4,1,1,-20754.0,-2330,1,0,0,0,3,2,0
520,5105560,0,0,1,0,0.108187134502924,0,4,0,1,-16817.0,-4410,1,0,0,1,14,2,0
521,5099914,0,0,1,2,0.0584795321637427,3,4,1,1,-10020.0,-1587,1,1,1,0,14,4,0
522,5150038,1,0,0,0,0.09356725146198831,3,4,3,5,-12784.0,-1537,1,0,0,0,4,1,0
523,5053678,0,1,1,0,0.12280701754385967,0,4,3,1,-12075.0,-1430,1,0,1,0,6,1,0
524,5087538,1,0,1,0,0.029239766081871347,0,1,3,1,-9874.0,-1928,1,0,1,0,8,1,0
525,5050440,0,1,1,1,0.07894736842105264,3,2,0,1,-13046.0,-2753,1,0,0,0,3,3,0
526,5061611,1,1,1,1,0.12280701754385967,3,4,1,1,-11378.0,-867,1,0,1,0,4,3,0
527,5041066,0,0,1,0,0.04385964912280703,3,4,3,1,-17461.0,-2134,1,0,0,0,14,1,0
528,5105819,1,1,0,2,0.108187134502924,0,1,1,1,-11716.0,-460,1,0,0,0,10,4,0
529,5091006,0,0,1,0,0.07894736842105264,0,4,1,1,-17211.0,-3232,1,0,0,0,8,2,0
530,5050852,1,0,0,0,0.09356725146198831,0,1,3,1,-9488.0,-1505,1,0,0,0,6,1,0
531,5117202,0,0,1,0,0.06432748538011697,3,4,3,1,-13530.0,-95,1,0,0,0,14,1,0
532,5074739,1,0,1,1,0.12280701754385967,3,1,1,1,-13198.0,-3690,1,0,0,0,3,3,0
533,5009472,0,0,0,0,0.07894736842105264,3,4,1,1,-19702.0,-9870,1,1,1,0,3,2,0
534,5135378,0,0,1,0,0.22807017543859648,0,4,1,1,-20082.0,-4979,1,0,0,0,14,2,0
535,5135489,1,1,1,2,0.12280701754385967,3,4,1,1,-10380.0,-3396,1,0,0,0,8,4,0
536,5067016,1,0,1,0,0.12280701754385967,3,4,3,1,-9926.0,-461,1,0,0,0,4,1,0
537,5024097,0,1,0,0,0.0584795321637427,2,2,3,1,-11978.0,-5206,1,1,0,0,3,1,0
538,5008865,0,1,1,2,0.06432748538011697,3,4,1,1,-15761.0,-3173,1,0,0,0,8,4,0
539,5116640,0,0,1,1,0.108187134502924,3,4,1,1,-15804.0,-732,1,0,0,1,3,3,0
540,5089770,1,1,1,2,0.12280701754385967,3,4,1,1,-10796.0,-2531,1,1,0,0,8,4,0
541,5009118,0,0,0,0,0.07894736842105264,0,1,2,5,-15737.0,-432,1,0,0,0,3,1,0
542,5042296,1,1,1,1,0.108187134502924,3,4,1,1,-15207.0,-2102,1,1,1,0,4,3,0
543,5010185,1,0,0,1,0.13742690058479534,3,4,3,1,-16797.0,-6583,1,0,1,0,8,2,0
544,5090509,1,1,1,0,0.12280701754385967,0,1,1,1,-10791.0,-156,1,0,0,0,10,2,0
545,5113006,1,1,0,1,0.0497076023391813,3,4,1,1,-19584.0,-2199,1,0,0,0,8,3,0
546,5026368,1,0,1,1,0.0497076023391813,3,1,1,1,-13682.0,-5460,1,1,1,0,3,3,0
547,5095905,0,0,0,0,0.06432748538011697,2,4,3,1,-15429.0,-1589,1,0,0,0,3,1,0
548,5113440,0,0,1,0,0.11111111111111113,3,4,3,1,-18617.0,-2506,1,0,0,0,2,1,0
549,5069289,0,0,1,0,0.152046783625731,0,2,1,1,-14783.0,-3397,1,0,0,0,3,2,0
550,5135938,0,1,0,2,0.18128654970760236,3,4,1,1,-15621.0,-3792,1,0,0,0,14,4,0
551,5118026,0,0,0,0,0.18128654970760236,0,4,1,1,-13630.0,-3230,1,0,1,0,6,2,0
552,5053524,0,0,1,0,0.0497076023391813,3,4,1,1,-14762.0,-2464,1,0,1,0,10,2,0
553,5010567,0,1,1,0,0.055555555555555566,3,1,1,1,-10145.0,-1682,1,0,0,1,14,2,0
554,5046003,0,0,1,1,0.12280701754385967,3,4,3,1,-15039.0,-3334,1,0,1,0,12,2,0
555,5118225,1,1,0,0,0.12280701754385967,3,4,0,3,-20858.0,-3110,1,0,0,0,8,2,0
556,5050635,0,0,0,0,0.12280701754385967,2,4,1,1,-13556.0,-2966,1,0,0,0,10,2,0
557,5088805,1,1,1,0,0.12280701754385967,2,4,1,1,-13718.0,-3694,1,1,1,0,6,2,0
558,5117331,0,1,1,0,0.152046783625731,0,4,2,1,-15027.0,-2257,1,0,1,0,14,1,0
559,5067281,1,0,1,1,0.06432748538011697,3,4,0,1,-13233.0,-2728,1,0,0,0,3,3,0
560,5041520,1,1,1,0,0.2690058479532164,0,1,2,1,-16169.0,-855,1,1,1,0,3,1,0
561,5023092,0,0,0,0,0.108187134502924,3,4,2,1,-16868.0,-4161,1,0,0,0,8,1,0
562,5079016,1,1,1,2,0.5614035087719299,0,1,1,1,-9889.0,-1000,1,0,0,0,10,4,0
563,5035682,0,1,1,0,0.06432748538011697,3,4,0,1,-16505.0,-8377,1,0,0,0,8,2,0
564,5139761,1,1,1,0,0.19590643274853803,3,1,1,1,-23711.0,-7494,1,0,0,0,8,2,0
565,5029251,1,0,1,0,0.07894736842105264,3,1,1,1,-14023.0,-4280,1,1,0,0,8,2,0
566,5091824,1,0,1,0,0.152046783625731,0,4,3,1,-14638.0,-5891,1,0,0,0,8,1,0
567,5132569,0,0,1,1,0.0497076023391813,0,4,0,1,-14934.0,-1350,1,0,1,0,14,3,0
568,5021490,1,0,1,0,0.06432748538011697,3,4,3,1,-10682.0,-609,1,0,1,0,14,1,0
569,5035859,0,0,1,0,0.152046783625731,0,4,3,1,-21185.0,-2381,1,0,0,0,0,1,0
570,5022025,1,1,1,0,0.0497076023391813,3,4,3,1,-9952.0,-1613,1,0,0,0,3,1,0
571,5116613,1,0,1,0,0.12280701754385967,0,4,1,1,-11808.0,-3533,1,0,0,0,3,2,0
572,5010303,0,0,1,0,0.09941520467836258,0,4,1,1,-20233.0,-6218,1,1,1,0,3,2,0
573,5142496,0,1,1,1,0.06432748538011697,0,1,1,1,-15481.0,-2874,1,0,0,0,12,3,0
574,5113302,1,0,1,1,0.09356725146198831,3,1,1,5,-15670.0,-1654,1,0,0,0,2,3,0
575,5053918,0,1,0,0,0.12280701754385967,3,1,0,1,-14438.0,-2433,1,0,0,0,10,2,0
576,5067102,0,0,0,0,0.09356725146198831,0,4,3,2,-16761.0,-4534,1,0,0,0,14,1,0
577,5022118,1,0,1,0,0.18128654970760236,3,4,1,1,-19686.0,-1131,1,0,0,0,8,2,0
578,5022954,1,1,1,0,0.0497076023391813,3,4,1,1,-18293.0,-521,1,1,0,0,3,2,0
579,5047667,0,0,0,0,0.03508771929824561,0,4,1,1,-8710.0,-522,1,0,0,0,3,2,0
580,5091718,0,1,1,0,0.03508771929824561,0,4,1,1,-14116.0,-2269,1,0,0,0,11,2,0
581,5009586,0,0,0,0,0.005847953216374269,3,4,2,1,-14374.0,-798,1,0,1,0,14,1,0
582,5097170,1,1,1,0,0.09356725146198831,2,4,1,1,-9570.0,-2620,1,0,0,0,4,2,0
583,5022015,1,1,1,0,0.0497076023391813,3,4,3,1,-9952.0,-1613,1,0,0,0,3,1,0
584,5062594,1,1,1,1,0.06432748538011697,2,1,1,1,-8972.0,-145,1,0,0,1,3,3,0
585,5028726,1,0,1,0,0.2105263157894737,0,4,1,1,-12483.0,-4039,1,0,0,0,10,2,0
586,5033831,1,1,1,0,0.06432748538011697,3,1,0,1,-19322.0,-663,1,1,1,0,8,2,0
587,5046086,0,1,1,0,0.040935672514619895,3,4,1,1,-21030.0,-2299,1,0,0,0,3,2,0
588,5135946,1,0,1,0,0.152046783625731,3,1,3,1,-15222.0,-3153,1,0,1,0,8,1,0
589,5149592,0,0,1,0,0.07894736842105264,3,1,1,1,-12289.0,-1812,1,0,1,0,3,2,0
590,5024103,1,0,1,0,0.06209150326797387,3,4,1,1,-20185.0,-2589,1,0,0,0,16,2,0
591,5009845,1,1,0,0,0.09356725146198831,3,4,1,1,-15901.0,-130,1,1,0,0,16,2,0
592,5117716,1,1,0,0,0.18128654970760236,3,4,1,1,-16675.0,-5056,1,1,1,0,4,2,0
593,5096169,0,0,0,0,0.0497076023391813,0,4,1,1,-19601.0,-796,1,0,0,0,6,2,0
594,5139823,1,0,1,0,0.04678362573099416,3,4,1,1,-15997.0,-7341,1,1,1,0,8,2,0
595,5067542,0,0,1,0,0.09356725146198831,0,4,1,1,-21180.0,-2728,1,0,0,0,3,2,0
596,5090871,0,0,0,2,0.12280701754385967,3,4,1,1,-14172.0,-1130,1,0,0,0,11,4,0
597,5033729,1,1,1,0,0.03508771929824561,3,4,1,1,-12019.0,-5436,1,1,1,0,8,2,0
598,5037212,1,1,1,0,0.16666666666666669,2,1,1,1,-12678.0,-2368,1,0,0,0,6,2,0
599,5116319,0,0,1,2,0.07894736842105264,3,4,1,1,-14212.0,-1889,1,0,0,0,8,4,0
600,5146318,0,0,1,0,0.06432748538011697,3,4,2,1,-14760.0,-1315,1,0,0,0,3,1,0
601,5042082,0,1,0,0,0.18128654970760236,0,1,1,1,-19495.0,-1678,1,0,1,0,0,2,0
602,5091416,0,0,1,0,0.12280701754385967,3,1,1,1,-16202.0,-2939,1,1,1,0,10,2,0
603,5041675,0,1,1,1,0.1929824561403509,0,1,1,1,-11525.0,-1616,1,0,0,0,10,3,0
604,5048425,0,0,1,0,0.08771929824561404,3,4,3,1,-19881.0,-8405,1,0,1,0,0,1,0
605,5145965,0,0,0,2,0.061403508771929835,3,4,1,1,-15436.0,-3476,1,0,0,0,14,4,0
606,5126543,0,1,0,0,0.0497076023391813,3,4,1,1,-10238.0,-3453,1,0,0,0,8,2,0
607,5033881,1,1,0,1,0.108187134502924,0,2,1,1,-10780.0,-3769,1,0,0,0,8,3,0
608,5068378,0,0,1,1,0.0584795321637427,3,1,1,1,-12662.0,-1359,1,1,1,1,14,3,0
609,5029194,1,1,1,0,0.12280701754385967,3,4,1,1,-19293.0,-2990,1,0,0,0,8,2,0
610,5010025,0,0,1,0,0.06432748538011697,3,4,1,1,-20782.0,-2321,1,0,0,0,8,2,0
611,5091016,0,0,1,1,0.0497076023391813,3,4,1,1,-14284.0,-4267,1,0,0,0,2,3,0
612,5149744,0,0,1,1,0.045321637426900596,3,4,1,5,-12753.0,-1386,1,0,0,0,1,3,0
613,5117561,0,0,0,0,0.06432748538011697,3,4,1,1,-16047.0,-645,1,1,0,0,8,2,0
614,5089760,1,1,1,0,0.09356725146198831,2,1,3,1,-8190.0,-886,1,0,0,1,3,1,0
615,5053642,1,0,0,0,0.2105263157894737,0,1,1,1,-20354.0,-1823,1,0,1,0,10,2,0
616,5089934,1,1,0,0,0.07894736842105264,0,4,1,1,-19170.0,-4965,1,0,0,0,8,2,0
617,5125127,0,0,1,0,0.0497076023391813,3,4,3,1,-16098.0,-1868,1,1,1,0,10,1,0
618,5113163,0,1,1,1,0.09356725146198831,3,4,1,1,-12579.0,-3716,1,1,1,0,3,3,0
619,5116883,1,1,1,0,0.12280701754385967,3,4,1,1,-17779.0,-1344,1,1,0,0,8,2,0
620,5090126,1,1,1,0,0.152046783625731,3,4,3,1,-13805.0,-1557,1,0,0,0,8,1,0
621,5036648,0,0,0,0,0.108187134502924,0,1,1,1,-11328.0,-3761,1,0,0,0,6,2,0
622,5090335,0,1,1,0,0.07017543859649124,0,4,0,1,-13095.0,-3716,1,1,1,0,11,2,0
623,5114342,1,1,0,0,0.09356725146198831,0,4,1,2,-9810.0,-2993,1,1,0,0,3,2,0
624,5024163,1,1,1,3,0.108187134502924,3,4,1,1,-13350.0,-1981,1,0,0,0,8,5,0
625,5115633,1,0,0,0,0.108187134502924,3,4,0,1,-22800.0,-102,1,0,0,0,4,2,0
626,5126311,1,0,0,0,0.09356725146198831,3,2,0,5,-7705.0,-288,1,1,0,1,3,2,0
627,5135779,0,0,1,0,0.0584795321637427,3,4,1,1,-23844.0,-2147,1,0,1,0,0,2,0
628,5054697,1,1,1,0,0.07894736842105264,3,1,1,1,-16553.0,-6908,1,0,0,0,8,2,0
629,5116343,1,1,1,1,0.12280701754385967,2,4,1,1,-11695.0,-3929,1,1,0,0,8,3,0
630,5022800,0,1,1,0,0.108187134502924,3,1,4,1,-11998.0,-1497,1,0,0,0,10,1,0
631,5054348,0,0,0,0,0.04385964912280703,3,4,3,1,-12348.0,-424,1,1,1,0,14,1,0
632,5099980,1,0,1,0,0.03508771929824561,3,4,2,1,-15059.0,-1069,1,0,0,0,9,1,0
633,5087829,1,0,1,0,0.06432748538011697,2,4,1,4,-10448.0,-2323,1,1,0,1,3,2,0
634,5051050,1,1,0,0,0.020467836257309944,3,4,1,1,-22407.0,-2174,1,0,0,0,8,2,0
635,5148872,0,0,1,0,0.06432748538011697,2,2,1,1,-15371.0,-3332,1,0,0,0,3,2,0
636,5117323,0,0,1,1,0.22514619883040937,2,1,3,5,-12116.0,-553,1,0,0,0,10,2,0
637,5088101,0,1,1,0,0.152046783625731,3,4,2,1,-16971.0,-375,1,0,0,0,3,1,0
638,5023587,1,0,0,0,0.108187134502924,3,4,2,1,-14364.0,-6352,1,0,0,0,8,1,0
639,5028547,1,1,0,1,0.16666666666666669,3,4,2,1,-12692.0,-1056,1,0,1,0,8,2,0
640,5149402,0,0,0,1,0.06432748538011697,0,4,1,5,-13689.0,-1172,1,0,0,0,14,3,0
641,5067090,1,0,0,0,0.09356725146198831,3,4,1,1,-13643.0,-4663,1,0,1,0,8,2,0
642,5010865,1,1,1,1,0.2690058479532164,0,4,1,1,-18173.0,-678,1,0,1,1,3,3,0
643,5105555,0,0,1,0,0.07894736842105264,3,4,1,1,-19802.0,-4532,1,0,0,0,8,2,0
644,5136976,0,0,0,0,0.1754385964912281,2,1,1,1,-12677.0,-5587,1,0,0,0,11,2,0
645,5066458,0,1,1,0,0.06432748538011697,3,4,2,1,-16047.0,-1406,1,0,0,0,8,1,0
646,5045844,0,1,0,0,0.1023391812865497,3,4,1,1,-20836.0,-8966,1,0,0,0,3,2,0
647,5115814,1,0,1,3,0.09356725146198831,3,4,1,1,-14336.0,-6860,1,0,0,0,8,5,0
648,5113472,1,0,1,0,0.108187134502924,3,4,1,1,-19200.0,-346,1,0,1,0,6,2,0
649,5041535,0,0,1,0,0.09356725146198831,0,4,4,1,-19819.0,-1463,1,0,1,0,8,1,0
650,5066617,0,0,1,0,0.0672514619883041,3,4,1,1,-18730.0,-157,1,0,0,1,2,2,0
651,5126751,1,1,0,2,0.06432748538011697,3,4,1,5,-16625.0,-561,1,0,0,0,3,4,0
652,5009908,1,1,0,0,0.108187134502924,3,4,1,1,-19120.0,-3661,1,0,0,0,4,2,0
653,5068337,0,1,1,0,0.0497076023391813,3,1,1,1,-10101.0,-505,1,1,1,0,8,2,0
654,5028919,0,1,1,0,0.0497076023391813,3,4,1,1,-17202.0,-1787,1,0,0,0,14,2,0
655,5035627,1,1,1,0,0.19590643274853803,3,1,1,1,-18110.0,-6764,1,0,0,0,10,2,0
656,5074705,0,0,1,0,0.07894736842105264,3,1,3,1,-22235.0,-10600,1,0,0,0,8,1,0
657,5114061,1,1,0,1,0.1023391812865497,3,1,1,1,-17932.0,-3999,1,1,1,0,3,3,0
658,5100373,0,0,1,2,0.09356725146198831,0,4,1,1,-12848.0,-3960,1,0,0,0,3,4,0
659,5112765,0,1,0,1,0.18128654970760236,0,1,1,1,-11025.0,-2065,1,1,1,1,3,3,0
660,5037125,1,1,0,0,0.09356725146198831,3,1,1,5,-11664.0,-2227,1,0,1,0,3,2,0
661,5029538,0,0,1,0,0.0497076023391813,3,1,0,1,-12783.0,-1205,1,0,0,0,3,2,0
662,5010078,1,1,0,2,0.07894736842105264,3,4,1,2,-12518.0,-1135,1,0,0,0,1,4,0
663,5085861,0,0,1,0,0.06432748538011697,3,4,1,1,-18199.0,-5190,1,0,0,0,1,2,0
664,5009146,1,1,0,0,0.18128654970760236,3,1,1,1,-15825.0,-3720,1,1,1,0,10,2,0
665,5149433,0,1,1,0,0.0497076023391813,3,4,4,1,-19584.0,-2633,1,0,0,0,3,1,0
666,5079017,1,1,1,2,0.5614035087719299,0,1,1,1,-9889.0,-1000,1,0,0,0,10,4,0
667,5096318,1,1,0,0,0.152046783625731,0,1,3,1,-9517.0,-158,1,0,0,0,3,1,0
668,5038615,0,0,0,1,0.0497076023391813,0,1,1,5,-12331.0,-3272,1,0,0,0,3,3,0
669,5047670,0,0,0,1,0.09356725146198831,2,1,1,1,-14069.0,-2500,1,1,1,1,3,3,0
670,5036828,0,0,1,0,0.09356725146198831,3,1,1,1,-19207.0,-4327,1,0,0,0,14,2,0
671,5139892,0,0,1,0,0.0497076023391813,2,4,0,1,-18484.0,-6033,1,0,1,0,11,2,0
672,5135446,0,0,1,1,0.12280701754385967,3,4,1,5,-10035.0,-170,1,0,0,0,1,3,0
673,5095586,0,0,0,0,0.152046783625731,3,2,0,1,-8784.0,-278,1,1,0,1,11,2,0
674,5068963,1,1,0,0,0.108187134502924,3,1,1,1,-15181.0,-3062,1,0,0,0,3,2,0
675,5022047,1,1,1,0,0.06432748538011697,3,4,1,3,-14917.0,-8157,1,1,1,0,4,2,0
676,5048121,1,1,1,2,0.16666666666666669,0,4,1,1,-12091.0,-2653,1,0,1,0,3,4,0
677,5117219,0,0,1,0,0.108187134502924,3,4,0,1,-11107.0,-1953,1,0,0,0,3,2,0
678,5009821,0,1,0,0,0.040935672514619895,3,4,1,1,-14883.0,-5457,1,0,1,0,2,2,0
679,5033500,1,0,1,0,0.108187134502924,0,4,1,1,-17578.0,-1997,1,0,0,0,8,2,0
680,5058281,0,0,1,0,0.1754385964912281,0,1,1,1,-14897.0,-3435,1,1,1,1,3,2,0
681,5142988,0,0,0,1,0.06432748538011697,3,1,1,1,-10567.0,-1504,1,1,0,0,3,3,0
682,5137229,1,1,0,0,0.09356725146198831,0,4,1,2,-14084.0,-2696,1,1,0,0,4,2,0
683,5090386,0,0,1,0,0.13742690058479534,0,1,3,1,-21537.0,-13735,1,0,0,0,3,1,0
684,5142899,0,0,0,0,0.0497076023391813,0,1,3,5,-9052.0,-227,1,0,0,0,8,1,0
685,5113510,1,1,1,0,0.09356725146198831,3,4,1,1,-17176.0,-132,1,0,0,0,8,2,0
686,5091457,0,0,1,2,0.04385964912280703,3,4,1,1,-16047.0,-6621,1,1,1,0,11,4,0
687,5149484,0,1,1,1,0.06432748538011697,0,1,1,1,-11278.0,-2481,1,0,0,0,3,3,0
688,5092221,1,0,0,0,0.020467836257309944,2,4,1,1,-11654.0,-2818,1,0,0,0,8,2,0
689,5067003,1,1,1,0,0.108187134502924,3,4,1,1,-18752.0,-11906,1,0,1,0,8,2,0
690,5023838,0,1,0,0,0.18128654970760236,0,4,0,1,-19801.0,-1077,1,0,1,0,3,2,0
691,5095433,0,0,1,0,0.16666666666666669,3,1,1,1,-18764.0,-9258,1,0,0,0,6,2,0
692,5033797,0,1,1,0,0.07309941520467837,0,4,1,3,-17107.0,-2277,1,0,0,0,3,2,0
693,5022803,0,1,1,0,0.108187134502924,3,1,4,1,-11998.0,-1497,1,0,0,0,10,1,0
694,5104953,1,1,1,0,0.09356725146198831,3,4,1,1,-21684.0,-2422,1,0,0,0,4,2,0
695,5100098,0,0,1,0,0.03508771929824561,3,4,1,1,-10851.0,-826,1,0,0,0,3,2,0
696,5091792,1,1,1,1,0.06432748538011697,3,4,1,1,-15216.0,-2969,1,1,0,0,9,3,0
697,5149805,0,0,1,0,0.06432748538011697,2,2,3,5,-9873.0,-2086,1,0,1,1,3,1,0
698,5089681,0,0,0,0,0.14619883040935674,0,2,1,1,-10028.0,-1070,1,1,0,0,3,2,0
699,5052678,0,0,1,1,0.06432748538011697,3,1,1,1,-15624.0,-8172,1,1,1,0,6,3,0
700,5116809,0,0,1,0,0.0497076023391813,3,4,1,1,-18365.0,-701,1,0,0,0,6,2,0
701,5143353,1,1,0,0,0.06432748538011697,3,4,1,1,-10578.0,-1384,1,1,0,0,14,2,0
702,5090232,0,0,1,0,0.06432748538011697,3,4,4,1,-21977.0,-9447,1,0,0,0,6,1,0
703,5088987,0,0,0,2,0.08771929824561404,3,4,1,1,-14622.0,-1160,1,1,1,0,3,4,0
704,5021584,0,0,0,1,0.0029239766081871343,2,4,1,4,-13052.0,-1952,1,0,0,0,2,3,0
705,5009291,0,0,0,0,0.061403508771929835,3,4,0,1,-15140.0,-4816,1,0,1,0,1,2,0
706,5051007,0,0,0,0,0.1754385964912281,0,1,1,1,-10707.0,-1354,1,0,0,0,10,2,0
707,5024263,0,1,0,0,0.108187134502924,0,4,1,2,-21276.0,-1128,1,0,1,0,0,2,0
708,5125771,0,0,1,0,0.0497076023391813,3,4,1,1,-23360.0,-469,1,0,0,0,3,2,0
709,5021879,1,1,0,2,0.0497076023391813,3,4,1,1,-13095.0,-217,1,0,1,0,8,4,0
710,5137247,0,0,0,0,0.03508771929824561,3,4,1,1,-17355.0,-3273,1,1,1,0,15,2,0
711,5061762,0,1,0,1,0.06432748538011697,3,1,1,4,-11262.0,-563,1,0,0,1,0,3,0
712,5048319,0,0,0,0,0.03508771929824561,3,1,2,1,-21887.0,-1526,1,0,0,0,3,1,0
713,5023389,1,1,1,2,0.07894736842105264,0,1,1,1,-13536.0,-2092,1,0,0,0,3,4,0
714,5143457,1,1,1,0,0.13742690058479534,2,4,0,1,-11912.0,-1749,1,0,0,0,6,2,0
715,5069257,0,1,1,1,0.020467836257309944,3,4,1,1,-12821.0,-931,1,0,1,1,8,3,0
716,5044939,1,0,1,2,0.2105263157894737,2,1,1,1,-16027.0,-5639,1,0,1,0,10,4,0
717,5022730,1,1,0,3,0.2105263157894737,0,4,1,1,-15262.0,-1674,1,0,0,0,10,5,0
718,5149413,0,0,1,2,0.18128654970760236,0,1,1,1,-10937.0,-168,1,0,1,0,10,4,0
719,5062745,0,0,1,0,0.07894736842105264,3,4,1,1,-15035.0,-1128,1,0,1,0,1,2,0
720,5114544,0,0,1,0,0.08479532163742691,3,2,1,1,-10794.0,-4029,1,0,0,1,8,2,0
721,5100352,1,0,0,0,0.09356725146198831,3,4,1,1,-16047.0,-4967,1,1,1,0,8,2,0
722,5078841,1,0,1,0,0.12280701754385967,3,4,1,1,-20298.0,-3282,1,0,0,0,11,2,0
723,5117392,0,0,0,0,0.06432748538011697,0,2,3,1,-17615.0,-339,1,0,0,0,0,1,0
724,5022189,0,0,0,1,0.06432748538011697,0,4,2,1,-15170.0,-7979,1,0,0,0,6,2,0
725,5105422,0,0,1,0,0.1023391812865497,3,4,3,1,-18449.0,-9683,1,0,0,0,3,1,0
726,5143453,1,1,1,0,0.13742690058479534,2,4,0,1,-11912.0,-1749,1,0,0,0,6,2,0
727,5067832,0,1,1,0,0.18128654970760236,3,1,1,1,-21377.0,-577,1,0,0,1,3,2,0
728,5090995,1,1,1,0,0.23976608187134507,3,1,1,1,-10323.0,-2622,1,1,1,1,10,2,0
729,5089512,0,1,0,1,0.23976608187134507,3,4,1,4,-13810.0,-1678,1,1,1,1,3,3,0
730,5116373,0,0,0,1,0.03508771929824561,3,4,1,5,-10092.0,-976,1,0,0,0,3,3,0
731,5149106,1,0,1,2,0.152046783625731,3,4,1,1,-12488.0,-3608,1,0,0,0,16,4,0
732,5091737,0,1,1,0,0.1345029239766082,3,4,3,1,-14716.0,-2057,1,0,0,0,14,1,0
733,5052620,1,1,1,1,0.09356725146198831,0,4,1,1,-15988.0,-1994,1,0,1,0,6,3,0
734,5087819,1,0,1,2,0.0497076023391813,3,4,1,1,-15788.0,-1563,1,0,0,0,16,4,0
735,5139757,1,1,1,0,0.19590643274853803,3,1,1,1,-23711.0,-7494,1,0,0,0,8,2,0
736,5052811,0,0,1,0,0.05263157894736843,3,4,1,1,-17189.0,-4523,1,0,0,0,10,2,0
737,5095751,0,0,0,0,0.108187134502924,3,4,1,5,-12869.0,-340,1,1,1,0,10,2,0
738,5062286,1,0,1,0,0.108187134502924,0,4,1,1,-8353.0,-1081,1,1,0,1,3,2,0
739,5090805,0,0,0,0,0.06432748538011697,3,4,3,1,-16814.0,-6614,1,0,0,0,3,1,0
740,5079075,0,0,1,0,0.1169590643274854,3,4,1,1,-15569.0,-1639,1,1,0,0,3,2,0
741,5146447,0,0,1,0,0.06432748538011697,3,4,4,1,-14394.0,-919,1,0,1,0,10,1,0
742,5051008,0,0,0,1,0.12280701754385967,0,4,1,1,-10448.0,-3392,1,1,1,1,13,3,0
743,5100106,1,1,0,0,0.029239766081871347,3,4,1,1,-17660.0,-3261,1,1,1,0,8,2,0
744,5094896,1,1,1,1,0.09356725146198831,3,4,0,1,-14136.0,-3928,1,0,0,0,10,3,0
745,5054414,1,0,0,0,0.12280701754385967,0,1,1,5,-13021.0,-5082,1,1,0,0,10,2,0
746,5025791,0,0,1,0,0.07894736842105264,3,4,1,1,-18506.0,-3630,1,0,0,0,3,2,0
747,5067949,0,0,1,0,0.07894736842105264,0,4,3,1,-18133.0,-3591,1,0,1,1,3,1,0
748,5142482,1,1,0,2,0.08479532163742691,0,1,1,1,-12312.0,-1199,1,0,0,0,3,4,0
749,5041271,1,0,1,0,0.26608187134502925,0,1,2,1,-19298.0,-2469,1,0,0,0,3,1,0
750,5115957,0,1,1,0,0.09356725146198831,3,4,4,1,-15494.0,-4304,1,0,0,0,14,1,0
751,5029423,0,0,1,1,0.18128654970760236,2,4,0,1,-11206.0,-2514,1,0,0,1,3,3,0
752,5105159,1,0,1,2,0.2690058479532164,0,1,1,1,-12238.0,-2187,1,1,1,0,10,4,0
753,5029610,0,1,1,0,0.09356725146198831,0,1,3,1,-15161.0,-7140,1,0,0,0,3,1,0
754,5117450,0,0,0,2,0.03508771929824561,3,4,1,1,-11863.0,-96,1,1,0,0,3,4,0
755,5023949,1,1,1,1,0.07309941520467837,3,4,1,1,-14962.0,-5176,1,0,0,0,8,3,0
756,5089737,0,1,0,0,0.06432748538011697,3,4,1,1,-19010.0,-6761,1,1,1,0,1,2,0
757,5143402,1,1,1,0,0.07017543859649124,0,1,1,1,-19270.0,-2356,1,0,1,0,10,2,0
758,5136909,1,0,0,1,0.2105263157894737,3,4,1,1,-15244.0,-2908,1,1,0,1,10,3,0
759,5143596,0,0,0,0,0.03508771929824561,3,4,0,1,-11639.0,-3333,1,1,0,0,17,2,0
760,5095939,1,0,0,0,0.07894736842105264,3,4,1,1,-17340.0,-3596,1,0,1,0,10,2,0
761,5113343,1,0,1,2,0.06432748538011697,3,4,1,1,-11462.0,-4606,1,0,0,0,8,4,0
762,5142920,0,0,0,1,0.16666666666666669,3,2,1,1,-12454.0,-4030,1,1,1,0,14,3,0
763,5114294,0,0,0,0,0.0497076023391813,2,4,4,1,-19295.0,-5246,1,1,0,0,3,1,0
764,5088055,0,0,1,0,0.1169590643274854,3,4,3,1,-17937.0,-3054,1,0,0,0,11,1,0
765,5142815,1,1,0,0,0.0584795321637427,0,2,1,1,-10359.0,-2906,1,0,1,0,8,2,0
766,5054460,1,1,0,1,0.06432748538011697,3,4,1,1,-18934.0,-1915,1,0,1,0,8,3,0
767,5069380,1,0,1,0,0.19590643274853803,3,4,3,1,-16717.0,-1267,1,0,0,0,6,1,0
768,5036396,0,1,1,0,0.0497076023391813,3,4,0,1,-13686.0,-1256,1,0,0,0,2,2,0
769,5148535,0,0,1,1,0.07894736842105264,3,4,1,1,-10473.0,-1721,1,0,1,0,3,3,0
770,5105436,1,0,1,2,0.0497076023391813,3,4,0,1,-14358.0,-2317,1,0,0,0,3,4,0
771,5105412,0,0,1,2,0.06432748538011697,3,4,1,1,-12760.0,-1518,1,0,0,0,3,4,0
772,5026177,1,1,1,0,0.06432748538011697,3,4,1,1,-19171.0,-7804,1,1,0,0,8,2,0
773,5142584,1,1,1,0,0.17251461988304095,3,4,1,4,-9009.0,-864,1,0,0,0,8,2,0
774,5054297,0,1,0,0,0.0497076023391813,3,4,1,1,-14060.0,-7364,1,1,0,0,2,2,0
775,5118108,1,1,0,0,0.03508771929824561,3,4,3,1,-8304.0,-1101,1,1,0,0,8,1,0
776,5010683,1,1,1,0,0.16666666666666669,3,1,1,1,-10297.0,-2231,1,0,0,0,10,2,0
777,5045850,0,1,1,2,0.18128654970760236,0,1,1,5,-12621.0,-1327,1,0,0,0,10,4,0
778,5058371,0,0,1,0,0.05263157894736843,3,4,1,1,-17468.0,-355,1,1,1,0,3,2,0
779,5137187,0,1,0,0,0.020467836257309944,3,4,1,1,-11405.0,-1934,1,1,0,0,3,2,0
780,5095873,0,0,0,0,0.108187134502924,3,1,0,1,-15309.0,-5179,1,1,1,0,3,2,0
781,5126809,1,0,1,1,0.07894736842105264,0,4,1,1,-10676.0,-2326,1,0,1,1,8,3,0
782,5096604,0,1,0,1,0.12280701754385967,3,1,0,1,-13528.0,-980,1,1,1,0,3,3,0
783,5036765,0,0,0,1,0.0497076023391813,3,4,1,1,-12834.0,-1224,1,0,0,1,8,3,0
784,5091880,0,1,1,0,0.108187134502924,0,4,1,1,-18463.0,-7048,1,0,0,0,0,2,0
785,5090082,1,0,0,0,0.09356725146198831,0,4,1,1,-15051.0,-1678,1,0,0,0,3,2,0
786,5061481,0,0,1,1,0.12280701754385967,0,1,1,1,-9615.0,-2266,1,0,0,1,10,3,0
787,5125235,0,0,1,2,0.07894736842105264,0,1,1,1,-13766.0,-73,1,0,0,0,6,4,0
788,5089474,1,0,0,0,0.09356725146198831,3,1,1,1,-14344.0,-3443,1,0,0,0,8,2,0
789,5126021,0,0,0,1,0.0497076023391813,3,4,0,1,-14788.0,-2661,1,1,1,0,3,3,0
790,5114630,0,0,1,0,0.029239766081871347,3,4,1,1,-19738.0,-286,1,1,0,0,14,2,0
791,5010225,0,1,1,1,0.03508771929824561,2,4,1,1,-17532.0,-8044,1,0,0,0,11,3,0
792,5118526,0,0,1,0,0.09356725146198831,0,1,1,1,-22190.0,-523,1,0,0,0,3,2,0
793,5118527,0,0,1,0,0.09356725146198831,0,1,1,1,-22190.0,-523,1,0,0,0,3,2,0
794,5089596,1,1,0,0,0.18128654970760236,0,4,0,1,-14011.0,-978,1,0,0,0,10,2,0
795,5066865,0,0,1,2,0.01169590643274854,3,4,1,1,-9905.0,-795,1,0,0,0,14,4,0
796,5009941,0,0,1,2,0.07894736842105264,3,4,1,1,-10710.0,-2351,1,0,0,0,14,4,0
797,5052731,0,0,1,0,0.09356725146198831,0,4,0,1,-13812.0,-1114,1,0,0,0,8,2,0
798,5137175,0,0,0,0,0.12280701754385967,3,4,1,1,-20142.0,-3760,1,1,1,0,14,2,0
799,5045614,1,1,1,1,0.2105263157894737,3,1,1,1,-15556.0,-1327,1,0,0,0,4,3,0
800,5047870,1,1,1,1,0.16666666666666669,0,1,1,1,-12569.0,-3322,1,0,0,0,3,3,0
801,5025161,1,0,0,0,0.2105263157894737,3,4,0,1,-12523.0,-5145,1,0,0,0,8,2,0
802,5145694,1,1,1,0,0.12280701754385967,3,1,3,5,-9444.0,-663,1,1,1,0,3,1,0
803,5113455,0,0,1,1,0.0584795321637427,0,4,1,1,-18140.0,-4119,1,0,0,0,8,3,0
804,5126321,0,0,0,0,0.152046783625731,3,4,1,1,-17778.0,-1719,1,1,1,0,6,2,0
805,5088450,0,0,1,0,0.07894736842105264,2,4,4,1,-22887.0,-2052,1,0,1,0,4,1,0
806,5068631,0,1,1,0,0.1169590643274854,3,4,1,1,-21216.0,-3641,1,0,0,0,10,2,0
807,5021693,1,1,1,2,0.19590643274853803,3,2,1,1,-12418.0,-1678,1,0,1,0,8,4,0
808,5111172,1,1,1,0,0.12280701754385967,3,1,1,4,-10602.0,-481,1,0,0,0,14,2,0
809,5029184,0,0,1,1,0.04678362573099416,3,4,1,1,-15973.0,-4603,1,0,0,0,8,3,0
810,5069051,1,1,0,0,0.12280701754385967,0,4,1,1,-17762.0,-2484,1,0,0,0,8,2,0
811,5046379,0,0,0,0,0.09356725146198831,3,2,1,1,-19558.0,-1904,1,0,0,0,8,2,0
812,5118477,0,0,1,0,0.09356725146198831,3,4,1,1,-17386.0,-888,1,0,0,0,8,2,0
813,5106118,0,1,1,1,0.06432748538011697,3,1,1,1,-13467.0,-393,1,0,0,0,3,3,0
814,5024148,0,1,0,0,0.09356725146198831,3,1,1,5,-11380.0,-1007,1,1,1,0,0,2,0
815,5112966,0,0,0,0,0.0497076023391813,3,4,1,1,-18805.0,-10688,1,0,1,0,3,2,0
816,5089240,0,0,0,0,0.152046783625731,2,4,2,1,-19363.0,-12332,1,0,1,1,11,1,0
817,5067262,0,1,1,0,0.152046783625731,3,4,1,1,-19982.0,-1724,1,0,1,0,3,2,0
818,5045255,0,0,1,1,0.152046783625731,3,4,1,1,-20854.0,-3689,1,0,0,0,3,3,0
819,5044478,0,0,0,0,0.06432748538011697,3,4,1,1,-16047.0,-2228,1,0,0,0,3,2,0
820,5136020,1,1,0,1,0.20467836257309943,0,4,1,1,-16143.0,-8479,1,0,0,0,12,3,0
821,5033418,1,1,0,0,0.108187134502924,0,4,1,1,-10756.0,-2180,1,0,1,0,10,2,0
822,5023231,1,1,1,0,0.152046783625731,3,4,2,1,-17376.0,-1362,1,0,0,0,8,1,0
823,5028909,0,0,0,0,0.020467836257309944,3,4,1,1,-9963.0,-1876,1,0,0,0,14,2,0
824,5090793,0,0,1,0,0.13742690058479534,3,1,1,1,-14020.0,-3503,1,0,1,0,3,2,0
825,5126517,1,1,0,0,0.07894736842105264,3,1,1,1,-20516.0,-2265,1,0,1,0,8,2,0
826,5146114,0,0,1,0,0.07894736842105264,2,1,2,1,-20763.0,-11389,1,0,1,0,3,1,0
827,5146034,1,0,1,0,0.07894736842105264,3,4,3,1,-17111.0,-4146,1,0,0,0,2,1,0
828,5142972,1,0,0,1,0.09356725146198831,3,4,3,1,-10656.0,-926,1,1,1,0,8,3,0
829,5028569,0,1,1,0,0.18128654970760236,0,4,1,1,-15653.0,-5500,1,0,0,1,3,2,0
830,5114032,0,0,0,0,0.040935672514619895,3,1,1,1,-14661.0,-5521,1,0,0,0,3,2,0
831,5085826,0,0,0,0,0.20467836257309943,0,1,1,1,-21574.0,-1081,1,0,1,0,3,2,0
832,5053089,0,0,0,0,0.09064327485380118,3,4,3,1,-18643.0,-658,1,0,0,0,6,1,0
833,5117753,1,1,0,0,0.1754385964912281,3,4,1,1,-16011.0,-1649,1,0,0,0,10,2,0
834,5126826,0,0,0,1,0.07894736842105264,3,4,0,5,-11680.0,-3695,1,0,0,0,14,3,0
835,5067893,1,1,1,0,0.16666666666666669,3,4,1,4,-17011.0,-901,1,0,0,0,3,2,0
836,5048305,0,0,0,0,0.08928701963241438,3,1,2,1,-21887.0,-1526,1,0,0,0,3,1,0
837,5135531,1,1,1,0,0.12280701754385967,3,4,2,1,-13867.0,-1751,1,0,0,0,4,1,0
838,5067019,0,1,1,1,0.13742690058479534,3,4,0,1,-17152.0,-1253,1,0,0,1,8,3,0
839,5115671,1,1,1,1,0.09941520467836258,3,1,1,1,-13317.0,-3663,1,0,0,0,6,3,0
840,5136985,1,1,0,0,0.13742690058479534,3,4,3,1,-12340.0,-3334,1,1,0,0,10,1,0
841,5126687,0,0,1,0,0.03508771929824561,3,4,1,1,-19899.0,-3149,1,1,0,0,3,2,0
842,5045513,1,1,0,1,0.09356725146198831,3,4,1,1,-11498.0,-4491,1,0,0,0,3,3,0
843,5021730,0,1,1,1,0.09356725146198831,0,4,1,1,-16971.0,-1375,1,0,0,1,1,3,0
844,5096342,0,0,0,0,0.0497076023391813,3,4,1,2,-11688.0,-1162,1,1,0,0,8,2,0
845,5021293,0,1,1,1,0.09356725146198831,0,1,1,1,-11901.0,-183,1,0,0,1,3,3,0
846,5143079,0,1,0,0,0.12280701754385967,0,4,1,1,-13926.0,-500,1,0,0,0,14,2,0
847,5116478,1,1,1,2,0.2690058479532164,0,4,1,1,-13383.0,-489,1,0,1,0,4,4,0
848,5062294,0,1,1,0,0.12280701754385967,3,1,1,1,-17795.0,-2450,1,0,0,1,10,2,0
849,5091222,0,0,1,3,0.06432748538011697,3,4,1,1,-14838.0,-1539,1,0,0,0,8,5,0
850,5089887,0,0,1,0,0.07894736842105264,3,1,1,1,-10662.0,-1556,1,0,0,0,14,2,0
851,5090790,0,1,1,0,0.13157894736842107,3,1,1,1,-15203.0,-7095,1,0,0,0,11,2,0
852,5146429,1,1,0,0,0.14619883040935674,0,2,0,5,-8897.0,-674,1,0,0,0,14,2,0
853,5069292,0,1,1,1,0.09356725146198831,0,4,1,1,-15461.0,-2605,1,1,1,0,10,3,0
854,5054407,1,0,0,0,0.12280701754385967,0,1,1,5,-13021.0,-5082,1,1,0,0,10,2,0
855,5028616,1,0,1,1,0.06432748538011697,3,1,1,1,-9403.0,-1999,1,1,1,0,6,3,0
856,5036319,0,0,1,0,0.0497076023391813,0,4,3,1,-17993.0,-555,1,0,0,0,16,1,0
857,5116606,1,1,1,0,0.09356725146198831,3,2,1,1,-17115.0,-4599,1,0,1,0,8,2,0
858,5089218,0,1,0,1,0.08771929824561404,3,4,0,1,-14017.0,-6488,1,1,1,0,11,3,0
859,5068648,1,0,1,0,0.06432748538011697,3,4,3,5,-11344.0,-1054,1,0,0,0,4,1,0
860,5143560,1,0,0,2,0.108187134502924,3,4,1,5,-10954.0,-745,1,0,0,0,4,4,0
861,5126518,1,1,0,0,0.07894736842105264,3,1,1,1,-20516.0,-2265,1,0,1,0,8,2,0
862,5104945,0,0,1,3,0.020467836257309944,0,4,1,1,-16694.0,-412,1,1,1,0,14,5,0
863,5116991,1,1,1,0,0.06432748538011697,3,4,1,1,-14495.0,-3505,1,0,1,0,8,2,0
864,5024670,0,0,1,1,0.09356725146198831,3,1,2,1,-15113.0,-1585,1,0,0,0,5,2,0
865,5062095,1,1,0,0,0.09356725146198831,3,4,3,1,-10171.0,-1812,1,1,1,0,6,1,0
866,5079057,1,1,0,0,0.055555555555555566,3,4,1,1,-14869.0,-6904,1,0,1,0,8,2,0
867,5041881,1,0,0,0,0.0497076023391813,3,4,0,4,-14778.0,-2530,1,0,0,0,3,2,0
868,5053117,1,1,0,1,0.152046783625731,0,4,0,1,-13534.0,-1420,1,0,0,0,3,3,0
869,5115921,1,1,1,0,0.2105263157894737,0,4,1,1,-15344.0,-314,1,0,0,0,4,2,0
870,5150221,1,1,1,0,0.052046783625730994,3,4,1,1,-10136.0,-2441,1,0,0,0,8,2,0
871,5126294,1,0,0,0,0.12280701754385967,3,4,1,1,-21149.0,-11884,1,1,0,0,8,2,0
872,5149980,0,0,1,1,0.23976608187134507,2,1,1,1,-12732.0,-4520,1,0,0,0,3,3,0
873,5089580,0,1,0,0,0.0497076023391813,2,4,1,1,-11664.0,-460,1,1,1,0,3,2,0
874,5041320,0,0,0,0,0.07894736842105264,3,1,3,3,-18973.0,-3289,1,0,0,0,8,1,0
875,5105499,0,0,1,0,0.108187134502924,3,1,1,1,-10669.0,-1495,1,0,0,0,3,2,0
876,5095514,1,1,1,0,0.16959064327485382,3,4,1,1,-20509.0,-1161,1,0,1,0,3,2,0
877,5089275,0,1,0,0,0.18128654970760236,3,1,1,1,-13592.0,-3504,1,0,1,1,0,2,0
878,5069066,1,0,1,0,0.108187134502924,3,4,3,1,-9743.0,-3093,1,0,0,0,8,1,0
879,5125542,1,0,0,0,0.09356725146198831,3,1,1,5,-13484.0,-2417,1,1,1,0,6,2,0
880,5095033,1,1,1,0,0.108187134502924,0,1,1,1,-15406.0,-1463,1,0,0,0,4,2,0
881,5142163,1,0,1,1,0.2105263157894737,3,4,0,1,-11524.0,-2554,1,0,0,0,14,3,0
882,5105291,0,0,0,0,0.0497076023391813,3,4,4,5,-10240.0,-818,1,1,1,0,3,1,0
883,5116005,1,1,1,1,0.5614035087719299,0,1,0,1,-16923.0,-2537,1,0,0,0,6,3,0
884,5061500,0,0,1,1,0.06432748538011697,3,2,1,1,-15948.0,-9359,1,0,0,0,3,3,0
885,5045380,1,1,1,0,0.14619883040935674,3,2,1,1,-15936.0,-1508,1,0,1,0,10,2,0
886,5113057,0,1,0,0,0.108187134502924,0,2,2,1,-14096.0,-1344,1,0,1,1,0,1,0
887,5148981,0,1,1,0,0.038011695906432746,3,4,1,1,-18095.0,-10364,1,0,0,0,6,2,0
888,5010238,1,1,1,0,0.12280701754385967,3,4,1,1,-16507.0,-4331,1,0,0,0,4,2,0
889,5050724,0,1,0,0,0.2105263157894737,3,1,1,1,-12845.0,-2296,1,1,1,0,0,2,0
890,5142781,1,1,0,2,0.07894736842105264,3,4,2,5,-13979.0,-1626,1,0,0,0,8,3,0
891,5114643,0,1,0,0,0.13742690058479534,3,4,2,1,-13546.0,-2142,1,0,0,0,8,1,0
892,5087536,1,0,1,0,0.029239766081871347,0,1,3,1,-9874.0,-1928,1,0,1,0,8,1,0
893,5053744,0,0,1,0,0.2105263157894737,2,1,1,1,-16182.0,-3163,1,0,1,0,10,2,0
894,5117698,1,1,0,0,0.18128654970760236,3,1,1,1,-20319.0,-3961,1,1,0,0,3,2,0
895,5118560,0,0,1,0,0.0584795321637427,3,4,3,1,-16849.0,-2896,1,0,1,0,2,1,0
896,5054496,0,1,1,0,0.12280701754385967,0,1,2,1,-12102.0,-1185,1,0,0,0,17,1,0
897,5033895,0,0,0,2,0.06432748538011697,3,4,1,5,-11296.0,-1670,1,0,0,0,3,4,0
898,5033659,1,0,1,0,0.12280701754385967,0,4,1,1,-19103.0,-3670,1,0,0,0,8,2,0
899,5062205,0,0,1,0,0.0497076023391813,0,1,1,1,-17472.0,-1202,1,1,1,0,3,2,0
900,5056237,0,0,1,0,0.0029239766081871343,3,4,1,1,-12729.0,-4936,1,1,0,0,1,2,0
901,5135863,0,0,1,2,0.020467836257309944,3,4,1,1,-12226.0,-596,1,0,0,0,14,4,0
902,5050793,0,0,0,0,0.18128654970760236,2,1,1,1,-21247.0,-6648,1,0,0,0,3,2,0
903,5091057,0,0,1,2,0.152046783625731,0,1,1,1,-15438.0,-2197,1,0,0,1,15,4,0
904,5091651,0,1,1,1,0.14035087719298248,0,4,2,1,-10707.0,-747,1,0,0,0,3,2,0
905,5118545,0,1,0,0,0.152046783625731,3,4,1,1,-18279.0,-1741,1,0,1,0,14,2,0
906,5024592,1,1,1,0,0.07894736842105264,3,4,1,5,-8893.0,-1615,1,1,0,0,4,2,0
907,5125804,0,0,1,0,0.152046783625731,3,4,2,1,-18340.0,-2052,1,0,0,1,8,1,0
908,5142448,1,1,1,0,0.18128654970760236,3,2,1,1,-16047.0,-1444,1,0,0,0,10,2,0
909,5033728,0,1,1,1,0.108187134502924,3,4,1,1,-13666.0,-2089,1,1,1,0,3,3,0
910,5149327,0,1,1,1,0.09356725146198831,3,1,2,1,-18838.0,-5981,1,0,0,0,10,2,0
911,5024033,0,0,1,2,0.0497076023391813,3,4,1,5,-14612.0,-397,1,0,0,0,3,4,0
912,5113841,0,0,1,0,0.06432748538011697,0,1,1,1,-8961.0,-923,1,1,0,1,3,2,0
913,5022918,0,0,1,0,0.12280701754385967,3,1,3,1,-12195.0,-2592,1,0,1,0,10,1,0
914,5142649,1,1,0,0,0.07894736842105264,3,4,0,1,-17575.0,-2234,1,0,1,0,8,2,0
915,5048276,0,1,0,1,0.0497076023391813,3,1,3,1,-10028.0,-1618,1,0,0,0,3,2,0
916,5022612,1,1,1,1,0.108187134502924,3,4,1,1,-10144.0,-825,1,0,0,0,8,3,0
917,5028446,0,1,1,0,0.08187134502923978,3,4,3,1,-18071.0,-2822,1,0,0,0,8,1,0
918,5113556,1,1,1,0,0.2690058479532164,0,4,1,1,-18318.0,-923,1,0,1,1,4,2,0
919,5091894,1,0,0,0,0.07894736842105264,0,1,3,1,-10192.0,-1600,1,0,0,0,14,1,0
920,5025181,0,0,0,0,0.152046783625731,0,4,3,1,-22829.0,-2558,1,0,0,0,6,1,0
921,5091795,0,1,0,1,0.03508771929824561,3,4,1,1,-15179.0,-991,1,0,0,0,8,3,0
922,5068511,0,0,1,0,0.06432748538011697,0,4,1,1,-15875.0,-2758,1,1,1,0,3,2,0
923,5036926,0,1,1,0,0.07894736842105264,0,4,1,1,-11907.0,-2988,1,1,1,1,3,2,0
924,5114138,0,0,0,2,0.09356725146198831,2,4,1,3,-11176.0,-2904,1,1,0,0,8,4,0
925,5142595,1,1,1,0,0.24853801169590645,3,1,1,1,-19038.0,-73,1,0,1,0,3,2,0
926,5052883,1,1,1,0,0.12280701754385967,3,4,1,1,-17915.0,-3366,1,0,0,0,4,2,0
927,5068019,1,1,1,0,0.06432748538011697,3,4,1,1,-15438.0,-3377,1,0,0,0,8,2,0
928,5146024,0,0,1,0,0.2105263157894737,0,1,1,1,-11089.0,-3902,1,0,1,0,3,2,0
929,5036093,0,0,1,0,0.06432748538011697,3,4,1,1,-21694.0,-3202,1,1,0,0,16,2,0
930,5068339,0,1,1,0,0.0497076023391813,3,1,1,1,-10101.0,-505,1,1,1,0,8,2,0
931,5095020,0,0,1,0,0.12280701754385967,0,4,0,1,-13046.0,-671,1,0,0,0,3,2,0
932,5105185,1,0,1,0,0.09356725146198831,3,4,1,1,-16165.0,-848,1,1,0,0,8,2,0
933,5117216,0,0,1,0,0.108187134502924,3,4,0,1,-11107.0,-1953,1,0,0,0,3,2,0
934,5089632,0,0,0,0,0.18128654970760236,0,1,1,1,-16188.0,-309,1,1,1,1,14,2,0
935,5100464,1,1,1,1,0.18128654970760236,3,1,1,1,-17318.0,-552,1,0,1,0,8,3,0
936,5028930,0,1,1,0,0.0497076023391813,3,4,1,1,-17202.0,-1787,1,0,0,0,14,2,0
937,5116643,0,0,1,0,0.14619883040935674,3,4,1,1,-20047.0,-2559,1,0,0,0,8,2,0
938,5091766,1,0,1,0,0.13742690058479534,3,4,1,1,-17454.0,-2361,1,0,0,0,8,2,0
939,5067961,1,1,1,0,0.2105263157894737,3,1,1,1,-22111.0,-3854,1,0,0,0,10,2,0
940,5033814,0,0,1,0,0.06432748538011697,3,4,1,1,-13153.0,-1182,1,0,0,0,8,2,0
941,5113847,0,0,1,0,0.12280701754385967,3,4,4,1,-19890.0,-2384,1,1,0,0,6,1,0
942,5142239,0,1,1,0,0.152046783625731,2,1,1,1,-16421.0,-8230,1,0,0,0,10,2,0
943,5126308,0,0,0,0,0.0497076023391813,3,1,3,0,-12788.0,-531,1,1,1,0,3,1,0
944,5142118,1,0,0,1,0.12280701754385967,3,1,1,1,-18093.0,-2493,1,0,0,0,10,3,0
945,5068196,1,1,1,0,0.08918128654970761,3,4,0,1,-16273.0,-2362,1,1,0,0,4,2,0
946,5068692,1,0,1,0,0.07309941520467837,3,4,3,1,-11819.0,-962,1,0,0,0,8,1,0
947,5085780,1,0,1,0,0.18128654970760236,0,4,0,1,-17995.0,-4034,1,0,0,0,10,2,0
948,5096095,0,0,0,1,0.06432748538011697,3,4,1,1,-10728.0,-1619,1,1,1,0,0,3,0
949,5142599,0,0,1,2,0.026315789473684213,2,1,1,1,-14595.0,-2143,1,0,0,0,3,4,0
950,5045742,1,1,0,0,0.12280701754385967,0,1,1,1,-13271.0,-1569,1,0,0,0,3,2,0
951,5053173,0,1,1,0,0.07894736842105264,3,4,1,1,-16712.0,-2393,1,0,0,0,3,2,0
952,5074735,1,1,1,2,0.1169590643274854,2,1,1,1,-11121.0,-2565,1,0,0,0,6,4,0
953,5146410,1,0,1,0,0.11403508771929827,3,4,3,1,-10072.0,-1101,1,1,1,0,3,1,0
954,5054097,1,1,0,2,0.108187134502924,3,1,1,1,-11736.0,-727,1,0,0,0,4,4,0
955,5050975,0,0,0,1,0.0497076023391813,2,4,3,1,-15964.0,-7591,1,0,0,0,3,2,0
956,5068340,0,1,1,0,0.0497076023391813,3,1,1,1,-10101.0,-505,1,1,1,0,8,2,0
957,5037254,1,0,0,0,0.08479532163742691,3,4,3,1,-8401.0,-450,1,0,0,1,8,1,0
958,5091921,0,0,1,2,0.023391812865497078,3,4,1,1,-15368.0,-5496,1,1,1,0,11,4,0
959,5139729,0,0,1,0,0.06432748538011697,3,4,1,1,-20463.0,-2319,1,0,0,0,1,2,0
960,5117605,0,0,0,0,0.07894736842105264,3,1,1,1,-14098.0,-2257,1,0,0,0,3,2,0
961,5029152,0,0,1,1,0.020467836257309944,2,4,0,1,-17947.0,-191,1,0,0,0,3,3,0
962,5066465,0,1,1,0,0.06432748538011697,3,4,2,1,-16211.0,-1406,1,0,0,0,8,1,0
963,5117254,0,1,1,0,0.11111111111111113,2,1,1,1,-22398.0,-3506,1,0,0,0,11,2,0
964,5117551,1,1,0,1,0.07309941520467837,0,4,1,1,-12930.0,-2865,1,1,1,0,4,3,0
965,5079181,0,0,0,0,0.0497076023391813,0,2,1,1,-10177.0,-2339,1,0,1,0,3,2,0
966,5028802,0,0,0,2,0.0497076023391813,3,4,1,1,-15766.0,-1086,1,0,0,0,8,4,0
967,5024838,0,0,1,0,0.108187134502924,0,1,3,1,-14143.0,-2072,1,0,0,0,3,1,0
968,5088279,0,0,0,0,0.020467836257309944,3,4,1,1,-20075.0,-7013,1,1,1,0,14,2,0
969,5079141,0,0,1,2,0.020467836257309944,3,4,2,1,-13868.0,-3008,1,1,0,0,14,3,0
970,5058286,0,0,1,0,0.1754385964912281,0,1,1,1,-14897.0,-3435,1,1,1,1,3,2,0
971,5010218,0,1,1,1,0.03508771929824561,2,4,1,1,-17532.0,-8044,1,0,0,0,11,3,0
972,5112870,1,1,1,1,0.2105263157894737,3,4,1,1,-20998.0,-2932,1,0,1,0,8,3,0
973,5061253,0,0,1,0,0.0497076023391813,3,2,0,1,-9301.0,-1751,1,0,0,0,3,2,0
974,5046191,1,1,1,2,0.152046783625731,0,1,1,1,-17280.0,-565,1,1,0,0,10,4,0
975,5094884,1,0,1,0,0.2690058479532164,0,4,3,5,-10363.0,-1282,1,0,0,0,10,1,0
976,5146296,0,0,0,0,0.020467836257309944,3,4,1,1,-18029.0,-3902,1,1,0,0,16,2,0
977,5033966,0,0,1,0,0.09356725146198831,0,4,1,1,-15103.0,-3154,1,0,0,0,14,2,0
978,5065571,1,1,1,0,0.152046783625731,0,4,1,1,-18218.0,-1539,1,0,0,0,4,2,0
979,5035866,0,0,1,0,0.13742690058479534,0,4,1,1,-17656.0,-1225,1,0,0,0,2,2,0
980,5088501,1,1,1,0,0.023391812865497078,3,1,1,1,-21897.0,-619,1,0,0,0,16,2,0
981,5028990,0,0,0,2,0.029239766081871347,3,3,3,1,-15373.0,-2333,1,0,0,0,14,3,0
982,5023209,0,0,0,1,0.06432748538011697,0,4,1,1,-14438.0,-235,1,0,0,0,14,3,0
983,5142860,0,0,0,0,0.06432748538011697,3,4,1,1,-14080.0,-1869,1,0,1,0,3,2,0
984,5087852,0,1,0,0,0.108187134502924,2,4,1,1,-19598.0,-11940,1,0,1,0,11,2,0
985,5061896,1,0,1,1,0.16666666666666669,2,1,1,1,-16833.0,-3515,1,0,0,1,3,3,0
986,5044940,1,0,1,2,0.2105263157894737,2,1,1,1,-16027.0,-5639,1,0,1,0,10,4,0
987,5048610,0,0,1,0,0.18128654970760236,3,4,2,1,-15256.0,-3291,1,0,0,0,8,1,0
988,5113711,0,1,1,1,0.23976608187134507,2,4,1,1,-16962.0,-407,1,0,1,1,8,3,0
989,5069199,0,1,1,1,0.12280701754385967,0,4,1,1,-13591.0,-3246,1,0,0,0,14,3,0
990,5033496,1,1,0,1,0.108187134502924,0,1,1,5,-9956.0,-444,1,0,0,0,10,3,0
991,5132752,1,0,1,0,0.03508771929824561,3,4,3,1,-10569.0,-226,1,1,1,0,4,1,0
992,5018471,0,0,1,1,0.08479532163742691,3,4,1,1,-20208.0,-8033,1,0,1,0,3,3,0
993,5096059,0,0,0,2,0.024269005847953214,3,4,1,1,-14321.0,-7068,1,0,0,0,11,4,0
994,5036958,1,1,1,1,0.06432748538011697,3,4,1,1,-12048.0,-1923,1,1,1,0,8,3,0
995,5117022,1,1,1,2,0.12280701754385967,3,4,1,1,-12462.0,-279,1,1,0,0,8,4,0
996,5143362,0,0,1,0,0.0584795321637427,3,4,1,1,-22811.0,-2234,1,1,1,0,6,2,0
997,5137163,0,0,0,0,0.11403508771929827,3,4,1,1,-17249.0,-1661,1,1,1,0,3,2,0
998,5054064,1,0,0,1,0.07894736842105264,3,4,1,1,-16424.0,-1458,1,0,0,0,4,3,0
999,5051187,1,1,0,0,0.06432748538011697,3,4,3,1,-12260.0,-896,1,0,0,0,3,1,0
1000,5067203,1,0,0,1,0.23976608187134507,3,4,1,5,-12675.0,-1328,1,0,0,0,4,3,0
1001,5116714,0,0,0,0,0.06432748538011697,0,4,2,2,-19124.0,-670,1,0,0,0,3,1,0
1002,5045069,0,0,0,0,0.0497076023391813,3,4,1,1,-10344.0,-2533,1,0,0,0,8,2,0
1003,5042130,0,0,0,0,0.13742690058479534,3,1,1,1,-14136.0,-7400,1,1,1,0,10,2,0
1004,5066879,1,1,1,0,0.152046783625731,3,4,3,1,-13805.0,-1557,1,0,0,0,8,1,0
1005,5047787,0,1,1,0,0.12280701754385967,0,1,1,1,-10457.0,-979,1,0,0,0,3,2,0
1006,5023692,0,0,1,0,0.06432748538011697,3,4,3,1,-15036.0,-3339,1,0,0,0,3,1,0
1007,5028907,0,0,0,0,0.020467836257309944,3,4,1,1,-9963.0,-1876,1,0,0,0,14,2,0
1008,5113861,1,0,0,0,0.06432748538011697,3,4,1,1,-10368.0,-1259,1,1,0,0,6,2,0
1009,5009301,0,0,0,0,0.1023391812865497,3,4,3,2,-16099.0,-1866,1,0,1,0,8,1,0
1010,5135705,0,0,0,0,0.06432748538011697,3,4,1,1,-11004.0,-1570,1,0,0,0,12,2,0
1011,5023616,1,1,1,0,0.108187134502924,0,4,1,1,-17585.0,-235,1,0,0,0,4,2,0
1012,5028468,0,1,1,2,0.06432748538011697,3,4,1,1,-12406.0,-265,1,0,0,1,4,4,0
1013,5125775,0,0,1,0,0.0497076023391813,3,4,1,1,-23360.0,-469,1,0,0,0,3,2,0
1014,5051156,1,0,0,1,0.13742690058479534,3,1,3,1,-13816.0,-1870,1,0,0,0,8,2,0
1015,5143046,1,1,0,2,0.2105263157894737,3,4,1,1,-16030.0,-2540,1,1,0,0,4,4,0
1016,5114060,1,1,0,1,0.1023391812865497,3,1,1,1,-17932.0,-3999,1,1,1,0,3,3,0
1017,5113171,0,1,1,1,0.020467836257309944,3,4,1,1,-11454.0,-1678,1,0,1,1,2,3,0
1018,5078805,0,0,1,0,0.1754385964912281,3,4,1,1,-18927.0,-2978,1,0,0,0,6,2,0
1019,5112975,0,0,0,3,0.08771929824561404,3,4,1,1,-13692.0,-3505,1,1,1,0,6,5,0
1020,5022789,0,0,0,0,0.0497076023391813,3,4,2,1,-12369.0,-187,1,0,0,0,3,1,0
1021,5028302,1,1,1,0,0.2105263157894737,0,2,1,1,-19834.0,-477,1,0,0,0,10,2,0
1022,5146558,1,0,1,2,0.07894736842105264,3,4,1,1,-15031.0,-1436,1,0,0,0,8,4,0
1023,5009207,0,0,0,0,0.16666666666666669,2,4,1,1,-20953.0,-8684,1,1,1,0,0,2,0
1024,5022449,0,0,0,0,0.18128654970760236,3,4,2,1,-17570.0,-1978,1,0,0,1,3,1,0
1025,5044818,0,0,1,0,0.06432748538011697,3,1,3,1,-9100.0,-1133,1,0,0,0,10,1,0
1026,5089070,1,0,0,3,0.09356725146198831,3,4,1,1,-14243.0,-3535,1,0,0,0,8,5,0
1027,5041367,0,0,0,0,0.09356725146198831,2,2,1,1,-10315.0,-2985,1,0,0,0,3,2,0
1028,5050485,0,0,0,0,0.16666666666666669,0,4,0,1,-18698.0,-10758,1,0,0,0,8,2,0
1029,5090039,1,0,0,1,0.12280701754385967,3,1,1,1,-13747.0,-6273,1,0,0,0,3,3,0
1030,5058271,0,0,1,0,0.06432748538011697,3,4,1,1,-19607.0,-4288,1,0,0,0,9,2,0
1031,5047929,1,1,0,0,0.16666666666666669,3,4,3,1,-13999.0,-1526,1,0,1,0,4,1,0
1032,5054228,0,0,0,2,0.09356725146198831,3,4,1,1,-11515.0,-89,1,1,0,0,10,4,0
1033,5023527,0,0,1,0,0.15497076023391815,0,4,1,1,-20459.0,-6930,1,0,0,0,6,2,0
1034,5088433,0,0,1,0,0.12280701754385967,3,4,3,1,-17840.0,-1807,1,0,0,0,3,1,0
1035,5009567,1,1,0,0,0.09356725146198831,3,4,1,1,-15153.0,-3143,1,1,1,0,8,2,0
1036,5148915,1,1,0,2,0.12280701754385967,0,4,1,1,-14636.0,-3850,1,0,0,0,3,4,0
1037,5053646,1,0,0,0,0.2105263157894737,0,1,1,1,-20354.0,-1823,1,0,1,0,10,2,0
1038,5118472,1,0,0,0,0.09356725146198831,3,4,1,1,-9978.0,-1649,1,0,1,0,4,2,0
1039,5111178,0,0,1,2,0.01169590643274854,3,1,1,1,-11268.0,-4560,1,1,0,0,1,4,0
1040,5065808,0,0,0,1,0.026315789473684213,3,1,1,1,-15915.0,-785,1,1,1,0,14,3,0
1041,5091771,1,0,1,0,0.13742690058479534,3,4,1,1,-17454.0,-2361,1,0,0,0,8,2,0
1042,5010010,0,0,1,1,0.0497076023391813,2,2,0,1,-10926.0,-3570,1,0,1,0,15,3,0
1043,5096729,1,1,0,0,0.06432748538011697,0,4,1,1,-10910.0,-2349,1,1,0,0,8,2,0
1044,5092021,0,0,1,0,0.06432748538011697,3,4,1,1,-13211.0,-777,1,1,1,0,3,2,0
1045,5046083,0,1,1,0,0.040935672514619895,3,4,1,1,-21030.0,-2299,1,0,0,0,3,2,0
1046,5096085,0,0,0,0,0.020467836257309944,3,4,1,2,-18165.0,-11451,1,0,0,0,2,2,0
1047,5092147,1,1,1,0,0.08928701963241438,3,4,3,1,-10386.0,-412,1,1,0,0,3,1,0
1048,5142953,1,0,0,1,0.108187134502924,3,4,2,1,-8274.0,-742,1,1,1,0,8,2,0
1049,5061135,0,0,1,2,0.014619883040935675,3,1,1,1,-14228.0,-5950,1,0,0,0,3,4,0
1050,5010172,0,0,1,0,0.06432748538011697,0,4,1,1,-21300.0,-464,1,0,0,0,8,2,0
1051,5068523,0,0,1,0,0.06432748538011697,3,4,3,1,-12360.0,-385,1,0,0,1,8,1,0
1052,5087756,0,0,0,0,0.09356725146198831,3,4,1,1,-15280.0,-2475,1,0,0,0,14,2,0
1053,5132845,0,0,1,0,0.0497076023391813,2,4,1,1,-17493.0,-3694,1,0,0,1,11,2,0
1054,5116046,0,1,1,0,0.07017543859649124,3,4,1,1,-13455.0,-2051,1,0,0,0,3,2,0
1055,5091983,1,0,1,0,0.0497076023391813,0,1,1,1,-21601.0,-808,1,1,0,1,10,2,0
1056,5062106,1,1,1,0,0.06432748538011697,0,4,1,1,-19008.0,-3607,1,0,0,0,10,2,0
1057,5052806,0,0,1,0,0.029239766081871347,3,4,3,1,-19210.0,-2454,1,0,1,0,3,1,0
1058,5095952,0,0,0,2,0.1023391812865497,3,1,1,5,-15011.0,-7614,1,1,1,0,3,4,0
1059,5022458,1,1,1,1,0.07017543859649124,3,4,1,1,-8696.0,-1070,1,0,0,1,4,3,0
1060,5114438,0,0,1,1,0.07894736842105264,3,4,1,1,-17262.0,-1107,1,1,1,0,14,3,0
1061,5112737,1,1,1,0,0.18128654970760236,3,1,1,1,-18335.0,-2796,1,0,0,0,4,2,0
1062,5024038,0,0,0,0,0.06432748538011697,3,4,1,1,-15459.0,-642,1,0,0,0,14,2,0
1063,5139846,1,1,1,0,0.108187134502924,0,4,1,4,-10482.0,-2654,1,0,0,0,3,2,0
1064,5140019,0,1,1,1,0.09356725146198831,0,4,3,1,-11348.0,-1436,1,0,0,0,12,2,0
1065,5104868,0,0,1,0,0.0497076023391813,3,1,1,1,-12114.0,-4004,1,0,0,0,0,2,0
1066,5062525,0,0,1,1,0.0497076023391813,3,1,1,1,-13656.0,-2207,1,0,1,0,14,3,0
1067,5118118,1,0,0,1,0.152046783625731,0,4,1,1,-13538.0,-5422,1,1,1,0,4,3,0
1068,5054384,1,1,0,0,0.16666666666666669,0,1,3,1,-14050.0,-3680,1,1,1,0,8,1,0
1069,5085768,1,1,1,1,0.23976608187134507,2,1,1,1,-11532.0,-4917,1,0,0,0,10,3,0
1070,5097105,0,0,1,0,0.1023391812865497,3,4,1,1,-21026.0,-11448,1,0,1,0,3,2,0
1071,5023706,0,0,1,0,0.09356725146198831,3,4,1,1,-17733.0,-5622,1,0,1,0,8,2,0
1072,5046183,0,0,1,2,0.05146198830409357,0,4,1,1,-14876.0,-716,1,0,0,0,8,4,0
1073,5145920,1,1,1,1,0.09356725146198831,0,1,1,1,-15131.0,-1466,1,0,0,1,3,3,0
1074,5069028,0,0,1,0,0.07894736842105264,0,4,1,1,-16605.0,-1359,1,0,0,1,14,2,0
1075,5010498,1,1,1,1,0.108187134502924,3,4,1,1,-10218.0,-313,1,1,0,0,3,3,0
1076,5091564,0,1,1,1,0.06432748538011697,3,4,1,1,-14935.0,-1753,1,0,1,0,14,3,0
1077,5149887,0,0,1,0,0.108187134502924,0,4,1,1,-15941.0,-5830,1,0,0,0,10,2,0
1078,5116801,1,0,1,1,0.12280701754385967,3,4,1,1,-16286.0,-1677,1,0,0,0,4,3,0
1079,5089556,0,1,0,0,0.12462342725500622,3,2,3,1,-11406.0,-3078,1,1,0,0,10,1,0
1080,5091639,1,1,1,0,0.108187134502924,3,4,3,1,-18093.0,-3061,1,0,0,0,3,1,0
1081,5116817,1,0,1,0,0.03216374269005848,2,4,2,0,-16542.0,-8737,1,1,1,0,3,1,0
1082,5022930,0,0,1,0,0.152046783625731,3,1,1,1,-9154.0,-187,1,0,0,1,8,2,0
1083,5148732,0,0,1,1,0.07894736842105264,3,4,2,2,-13355.0,-625,1,0,0,0,14,2,0
1084,5026539,0,0,1,0,0.0497076023391813,3,4,3,1,-15839.0,-1381,1,0,1,0,6,1,0
1085,5048478,1,1,0,0,0.12280701754385967,3,4,3,1,-9187.0,-308,1,0,0,0,3,1,0
1086,5052762,1,1,1,0,0.12280701754385967,0,1,3,1,-11728.0,-932,1,0,0,1,3,1,0
1087,5067767,0,0,1,0,0.108187134502924,2,4,3,1,-23341.0,-5437,1,0,0,0,11,1,0
1088,5056179,0,0,1,0,0.108187134502924,0,1,1,1,-9663.0,-218,1,0,0,0,3,2,0
1089,5045537,1,1,0,2,0.12280701754385967,2,1,1,5,-10937.0,-1539,1,0,0,0,6,4,0
1090,5053980,0,1,0,0,0.04678362573099416,3,4,1,5,-12249.0,-3195,1,1,0,0,3,2,0
1091,5092349,0,0,1,0,0.12280701754385967,3,4,4,1,-19252.0,-2057,1,0,0,0,14,1,0
1092,5090383,0,1,1,0,0.09356725146198831,0,4,1,1,-15421.0,-1198,1,0,1,0,8,2,0
1093,5088687,1,0,1,1,0.06432748538011697,3,4,1,1,-18719.0,-1473,1,1,1,0,8,3,0
1094,5089117,0,1,0,0,0.03508771929824561,3,1,3,1,-15969.0,-5483,1,1,1,0,3,1,0
1095,5117497,1,0,1,0,0.03508771929824561,0,4,0,1,-16459.0,-704,1,1,0,0,9,2,0
1096,5112599,0,0,1,0,0.04385964912280703,3,4,1,1,-22466.0,-12870,1,1,1,0,10,2,0
1097,5126121,0,1,0,0,0.023391812865497078,3,4,1,1,-15185.0,-227,1,1,1,0,11,2,0
1098,5125710,0,1,1,0,0.06432748538011697,3,3,1,1,-16413.0,-622,1,0,1,0,6,2,0
1099,5148972,1,1,1,0,0.29824561403508776,3,4,3,4,-14358.0,-5373,1,0,0,0,2,1,0
1100,5117233,1,0,1,0,0.06432748538011697,3,4,1,1,-13826.0,-7128,1,0,0,0,8,2,0
1101,5142733,1,0,0,1,0.2105263157894737,3,1,1,1,-11112.0,-469,1,1,1,0,10,3,0
1102,5089736,0,1,0,0,0.06432748538011697,3,4,1,1,-19010.0,-6761,1,1,1,0,1,2,0
1103,5021214,1,1,1,1,0.12280701754385967,2,1,1,1,-12763.0,-2255,1,0,1,0,3,3,0
1104,5044809,0,0,1,0,0.06432748538011697,3,1,3,1,-9100.0,-1133,1,0,0,0,10,1,0
1105,5068712,0,1,1,0,0.03508771929824561,3,4,1,1,-13483.0,-5345,1,0,0,0,8,2,0
1106,5142153,1,1,1,0,0.2690058479532164,3,4,3,1,-15960.0,-3574,1,0,0,0,6,1,0
1107,5146045,0,0,1,0,0.2105263157894737,0,4,3,1,-18577.0,-2441,1,0,0,0,0,1,0
1108,5142529,1,0,1,0,0.12280701754385967,2,1,1,1,-9006.0,-164,1,0,0,0,3,2,0
1109,5091630,0,0,1,0,0.108187134502924,3,4,1,1,-19431.0,-6226,1,0,0,0,6,2,0
1110,5023089,0,0,0,0,0.108187134502924,3,4,2,1,-16868.0,-4161,1,0,0,0,8,1,0
1111,5142698,0,1,0,0,0.03888888888888889,0,4,1,1,-18931.0,-6678,1,1,0,0,8,2,0
1112,5105550,0,0,1,0,0.0497076023391813,3,1,1,5,-9310.0,-825,1,0,0,0,3,2,0
1113,5149799,0,0,1,0,0.0584795321637427,0,4,0,2,-10418.0,-2024,1,1,1,0,8,2,0
1114,5036219,0,0,1,0,0.040935672514619895,3,4,1,1,-15590.0,-890,1,0,0,0,14,2,0
1115,5061246,0,0,1,0,0.0497076023391813,3,2,0,1,-9301.0,-1751,1,0,0,0,3,2,0
1116,5135851,0,0,1,1,0.09356725146198831,0,4,1,1,-16234.0,-6075,1,0,1,0,8,3,0
1117,5009663,1,0,0,0,0.12280701754385967,3,1,3,1,-10166.0,-1774,1,1,0,0,3,1,0
1118,5146002,1,1,1,0,0.12280701754385967,3,4,3,1,-10177.0,-189,1,0,0,1,10,1,0
1119,5125203,0,0,1,0,0.108187134502924,3,2,3,1,-18596.0,-7288,1,0,0,0,3,1,0
1120,5148748,0,1,1,1,0.06432748538011697,0,2,0,1,-11469.0,-686,1,0,1,0,3,3,0
1121,5024582,0,1,1,2,0.18128654970760236,2,4,1,1,-12348.0,-1220,1,0,0,0,10,4,0
1122,5105878,0,0,0,1,0.22807017543859648,0,1,1,1,-15220.0,-727,1,0,0,0,3,3,0
1123,5099948,0,1,0,0,0.09707602339181287,0,4,1,1,-14747.0,-3229,1,0,0,0,8,2,0
1124,5096415,0,0,0,0,0.026315789473684213,3,4,1,1,-16876.0,-97,1,1,0,0,3,2,0
1125,5096609,0,1,0,1,0.12280701754385967,3,1,0,1,-13528.0,-980,1,1,1,0,3,3,0
1126,5148669,1,1,1,1,0.5029239766081872,0,2,0,3,-17922.0,-3455,1,0,0,0,16,3,0
1127,5090027,0,0,1,0,0.0584795321637427,3,1,1,1,-10075.0,-460,1,0,1,1,3,2,0
1128,5125277,0,0,1,1,0.03508771929824561,3,4,1,1,-16280.0,-3694,1,0,0,1,14,3,0
1129,5067006,1,0,1,1,0.07894736842105264,3,4,0,1,-20315.0,-5454,1,0,0,0,8,3,0
1130,5126108,0,0,1,0,0.0497076023391813,2,4,3,1,-20577.0,-13010,1,1,0,0,3,1,0
1131,5054079,0,0,0,0,0.06432748538011697,3,4,1,1,-17143.0,-5507,1,0,1,0,3,2,0
1132,5096483,0,0,0,0,0.04385964912280703,3,1,1,1,-15989.0,-6640,1,1,1,0,3,2,0
1133,5025951,0,0,1,0,0.061403508771929835,3,4,1,1,-13520.0,-5488,1,0,0,0,3,2,0
1134,5010995,0,0,1,0,0.03508771929824561,3,4,1,1,-20074.0,-221,1,0,0,0,11,2,0
1135,5117622,1,1,0,2,0.0497076023391813,3,1,1,1,-14659.0,-127,1,0,0,0,4,4,0
1136,5065723,0,0,1,1,0.108187134502924,2,4,0,1,-15975.0,-8760,1,0,0,0,12,3,0
1137,5125425,0,1,1,1,0.09941520467836258,3,3,1,1,-16344.0,-864,1,0,0,1,3,3,0
1138,5135474,0,0,1,0,0.09356725146198831,3,4,1,1,-19881.0,-7718,1,0,0,0,15,2,0
1139,5085865,0,0,1,0,0.06432748538011697,3,4,1,1,-18199.0,-5190,1,0,0,0,1,2,0
1140,5113180,1,1,1,0,0.06432748538011697,0,1,0,1,-17538.0,-613,1,0,0,0,3,2,0
1141,5069466,0,1,1,0,0.08479532163742691,3,4,1,1,-12192.0,-3123,1,0,0,0,8,2,0
1142,5009269,1,1,0,0,0.19590643274853803,2,1,1,5,-10266.0,-1652,1,1,1,0,10,2,0
1143,5010226,0,1,1,1,0.03508771929824561,2,4,1,1,-17532.0,-8044,1,0,0,0,11,3,0
1144,5021790,0,1,1,2,0.07894736842105264,3,4,1,1,-15021.0,-6879,1,0,0,0,6,4,0
1145,5036474,1,1,0,2,0.09356725146198831,0,1,1,1,-15716.0,-2673,1,0,0,0,10,4,0
1146,5037202,0,1,1,1,0.0497076023391813,3,1,1,1,-9032.0,-420,1,0,0,0,10,3,0
1147,5092020,0,0,1,0,0.06432748538011697,3,4,1,1,-13211.0,-777,1,1,1,0,3,2,0
1148,5142849,0,0,0,0,0.06432748538011697,3,4,1,1,-14080.0,-1869,1,0,1,0,3,2,0
1149,5069141,0,0,0,0,0.06432748538011697,0,1,1,5,-15360.0,-413,1,0,0,1,3,2,0
1150,5035431,1,1,1,0,0.11713252056695411,3,4,3,1,-14138.0,-1072,1,0,0,0,4,1,0
1151,5090464,0,0,0,0,0.0584795321637427,0,4,1,1,-16708.0,-5760,1,1,0,0,10,2,0
1152,5149296,0,1,1,0,0.13742690058479534,0,1,1,1,-14462.0,-1871,1,0,1,1,3,2,0
1153,5023914,0,0,1,2,0.09649122807017545,3,4,1,1,-9912.0,-1707,1,1,1,0,14,4,0
1154,5112736,1,1,1,0,0.18128654970760236,3,1,1,1,-18335.0,-2796,1,0,0,0,4,2,0
1155,5050619,1,1,0,0,0.0497076023391813,3,4,0,1,-10004.0,-1962,1,0,1,0,3,2,0
1156,5052606,1,0,1,0,0.108187134502924,0,4,3,4,-18785.0,-1598,1,0,0,0,3,1,0
1157,5021551,0,0,1,0,0.108187134502924,0,4,1,1,-20870.0,-1583,1,0,0,0,11,2,0
1158,5067242,0,1,1,0,0.23099415204678364,3,4,1,1,-16995.0,-7264,1,0,0,0,3,2,0
1159,5068807,1,1,1,1,0.0497076023391813,3,1,1,1,-11809.0,-536,1,0,0,1,0,3,0
1160,5024666,0,0,1,0,0.07894736842105264,3,4,1,1,-14425.0,-4568,1,1,1,0,8,2,0
1161,5089497,0,0,0,1,0.0497076023391813,3,4,4,1,-19931.0,-1313,1,0,0,0,3,2,0
1162,5045623,0,0,1,1,0.152046783625731,2,4,1,1,-14400.0,-2512,1,0,0,0,11,3,0
1163,5091822,1,0,1,0,0.152046783625731,0,4,3,1,-14638.0,-5891,1,0,0,0,8,1,0
1164,5114227,1,1,0,2,0.13742690058479534,3,4,1,1,-18338.0,-5673,1,1,0,0,8,4,0
1165,5116621,0,1,1,1,0.07894736842105264,2,4,1,1,-13811.0,-3380,1,0,0,0,8,3,0
1166,5091925,0,1,1,0,0.23976608187134507,0,2,1,1,-18517.0,-3944,1,0,1,0,3,2,0
1167,5041758,0,0,1,0,0.07894736842105264,2,1,1,1,-15145.0,-3654,1,0,1,0,10,2,0
1168,5025936,0,0,1,0,0.061403508771929835,3,4,1,1,-13520.0,-5488,1,0,0,0,3,2,0
1169,5033608,0,0,0,0,0.020467836257309944,0,4,0,1,-18989.0,-171,1,0,0,0,8,2,0
1170,5146456,0,0,1,0,0.06432748538011697,0,4,1,1,-15407.0,-1801,1,0,0,0,17,2,0
1171,5091369,1,1,1,0,0.13742690058479534,3,4,1,1,-15366.0,-1266,1,1,1,0,4,2,0
1172,5142547,0,1,1,0,0.07894736842105264,0,1,3,1,-16047.0,-1138,1,0,0,0,12,1,0
1173,5091708,0,1,1,0,0.06432748538011697,3,1,1,1,-12274.0,-3944,1,0,0,0,10,2,0
1174,5088181,0,0,0,0,0.09356725146198831,3,2,4,1,-19629.0,-1897,1,1,1,0,3,1,0
1175,5093248,0,0,1,0,0.13742690058479534,0,1,1,1,-11914.0,-2980,1,0,0,0,14,2,0
1176,5112738,1,1,1,0,0.18128654970760236,3,1,1,1,-18335.0,-2796,1,0,0,0,4,2,0
1177,5069007,1,1,1,0,0.19590643274853803,3,1,1,5,-10622.0,-1175,1,0,0,0,8,2,0
1178,5113801,0,0,1,1,0.19590643274853803,3,4,1,1,-12790.0,-3329,1,0,0,1,3,3,0
1179,5054733,0,0,0,1,0.07894736842105264,0,1,1,1,-11042.0,-1581,1,0,0,0,6,3,0
1180,5050482,0,0,0,0,0.16666666666666669,0,4,0,1,-18698.0,-10758,1,0,0,0,8,2,0
1181,5142691,1,1,0,2,0.06432748538011697,2,4,1,1,-14038.0,-6558,1,1,1,0,3,4,0
1182,5067696,1,1,1,0,0.2690058479532164,3,1,1,1,-19087.0,-4434,1,0,1,0,10,2,0
1183,5105577,0,0,0,0,0.09356725146198831,3,4,1,2,-12024.0,-210,1,1,1,0,14,2,0
1184,5033714,1,0,1,1,0.06432748538011697,3,4,1,1,-13782.0,-3032,1,1,1,0,16,3,0
1185,5062016,0,0,0,0,0.09356725146198831,0,4,3,1,-11342.0,-2389,1,0,0,0,3,1,0
1186,5045798,0,1,0,0,0.108187134502924,3,1,1,1,-9242.0,-139,1,0,0,0,0,2,0
1187,5066915,1,1,1,0,0.09356725146198831,3,1,1,5,-11089.0,-1467,1,0,0,0,8,2,0
1188,5088853,0,1,1,0,0.0497076023391813,3,1,1,1,-11353.0,-2316,1,0,0,1,0,2,0
1189,5142752,0,0,0,0,0.029239766081871347,3,4,3,1,-17876.0,-377,1,1,1,0,12,1,0
1190,5116056,0,0,0,0,0.06432748538011697,3,4,1,1,-17803.0,-10762,1,0,0,0,0,2,0
1191,5143025,1,0,0,0,0.152046783625731,3,4,1,5,-11768.0,-622,1,1,1,0,8,2,0
1192,5091549,0,0,1,0,0.13742690058479534,0,4,1,1,-12309.0,-2788,1,0,1,0,8,2,0
1193,5061161,1,1,1,3,0.108187134502924,3,4,1,1,-13300.0,-3668,1,0,1,0,3,5,0
1194,5142248,0,0,1,0,0.12280701754385967,2,4,1,1,-19826.0,-2340,1,0,0,0,12,2,0
1195,5068262,0,0,0,2,0.07894736842105264,2,1,1,1,-12636.0,-5345,1,0,0,0,11,4,0
1196,5090415,0,1,0,0,0.1169590643274854,3,4,3,1,-19765.0,-9925,1,1,1,0,3,1,0
1197,5100010,1,1,0,0,0.108187134502924,3,4,1,1,-16047.0,-918,1,1,1,0,8,2,0
1198,5068843,0,0,1,0,0.06432748538011697,3,4,3,1,-22751.0,-4219,1,1,1,0,15,1,0
1199,5114166,1,1,0,1,0.13742690058479534,3,1,1,1,-9296.0,-194,1,1,0,1,3,3,0
1200,5105715,0,0,1,0,0.09356725146198831,3,4,1,1,-13856.0,-3010,1,0,0,0,8,2,0
1201,5145964,0,0,0,2,0.061403508771929835,3,4,1,1,-15436.0,-3476,1,0,0,0,14,4,0
1202,5089658,0,0,0,0,0.040935672514619895,0,4,3,1,-16378.0,-370,1,1,0,0,3,1,0
1203,5068233,1,0,1,1,0.0497076023391813,2,4,1,1,-13885.0,-232,1,0,0,0,8,3,0
1204,5113259,0,1,1,0,0.13742690058479534,3,4,3,5,-11770.0,-285,1,0,0,0,14,1,0
1205,5052622,1,1,1,1,0.09356725146198831,0,4,1,1,-15988.0,-1994,1,0,1,0,6,3,0
1206,5095423,1,1,1,0,0.23976608187134507,3,1,1,1,-11723.0,-1830,1,1,0,1,3,2,0
1207,5058408,1,1,1,0,0.13742690058479534,3,1,1,1,-12843.0,-2609,1,0,0,0,10,2,0
1208,5068324,0,0,1,0,0.08771929824561404,3,1,1,1,-18348.0,-3853,1,0,0,0,6,2,0
1209,5022156,0,1,1,2,0.09356725146198831,0,1,1,1,-11719.0,-2866,1,0,1,1,3,4,0
1210,5137365,1,1,0,0,0.19590643274853803,3,4,1,1,-14479.0,-1022,1,0,1,0,4,2,0
1211,5068811,0,0,1,0,0.18128654970760236,0,4,1,1,-14419.0,-2423,1,0,0,0,3,2,0
1212,5068238,0,0,1,0,0.13742690058479534,3,4,1,1,-11268.0,-2545,1,1,1,0,8,2,0
1213,5023491,1,1,1,0,0.030701754385964914,3,4,1,1,-20592.0,-6230,1,1,1,1,3,2,0
1214,5125510,1,0,1,1,0.108187134502924,0,4,1,1,-14952.0,-104,1,0,1,0,16,3,0
1215,5113401,1,1,1,0,0.2690058479532164,0,1,3,1,-10837.0,-588,1,0,0,1,14,1,0
1216,5010202,1,1,1,0,0.06432748538011697,3,3,1,5,-9981.0,-1866,1,0,0,1,8,2,0
1217,5143175,1,1,0,0,0.12280701754385967,0,4,3,1,-17473.0,-2631,1,0,0,0,10,1,0
1218,5041739,1,0,1,1,0.07894736842105264,3,4,1,1,-12585.0,-367,1,0,0,0,14,3,0
1219,5048217,1,1,1,1,0.152046783625731,0,4,1,1,-12250.0,-857,1,0,0,0,8,3,0
1220,5091382,0,1,1,2,0.1169590643274854,3,1,1,1,-12757.0,-4887,1,0,0,0,3,4,0
1221,5009918,0,0,1,2,0.040935672514619895,0,1,1,1,-12752.0,-433,1,0,1,0,0,4,0
1222,5091406,0,0,1,0,0.06432748538011697,3,4,3,1,-17579.0,-1904,1,1,0,0,8,1,0
1223,5023816,0,1,1,1,0.12280701754385967,0,1,1,1,-17002.0,-803,1,1,1,0,10,3,0
1224,5126562,0,0,0,0,0.2690058479532164,3,1,1,1,-11082.0,-3361,1,0,0,0,14,2,0
1225,5054775,1,0,1,0,0.12280701754385967,3,4,1,1,-21362.0,-1520,1,0,0,0,8,2,0
1226,5062011,0,0,0,0,0.09356725146198831,0,4,3,1,-11342.0,-2389,1,0,0,0,3,1,0
1227,5094926,0,1,1,0,0.06432748538011697,0,4,1,1,-12175.0,-1463,1,1,0,0,3,2,0
1228,5125462,1,0,1,1,0.0497076023391813,3,4,1,1,-18394.0,-5155,1,0,0,0,8,3,0
1229,5114240,0,0,0,0,0.152046783625731,3,4,1,1,-16723.0,-712,1,1,0,0,10,2,0
1230,5068367,0,1,1,1,0.152046783625731,3,4,1,1,-14084.0,-3246,1,0,0,0,8,3,0
1231,5051120,1,0,0,0,0.108187134502924,2,1,1,1,-12725.0,-5006,1,0,0,0,3,2,0
1232,5114348,1,1,0,0,0.09356725146198831,0,4,1,2,-9810.0,-2993,1,1,0,0,3,2,0
1233,5067506,1,0,1,0,0.09356725146198831,3,3,0,1,-13024.0,-2191,1,0,0,0,10,2,0
1234,5118441,0,1,0,1,0.04678362573099416,0,1,1,1,-16138.0,-431,1,1,0,0,14,3,0
1235,5054343,0,1,0,0,0.12280701754385967,3,4,1,1,-20641.0,-1064,1,0,1,0,14,2,0
1236,5009000,1,1,1,0,0.07894736842105264,3,4,1,1,-9927.0,-828,1,0,0,0,4,2,0
1237,5090302,0,0,1,0,0.23976608187134507,0,4,1,1,-17427.0,-4874,1,0,0,1,14,2,0
1238,5067299,1,0,1,0,0.12280701754385967,0,4,3,1,-9149.0,-1217,1,0,0,1,8,1,0
1239,5011032,0,0,1,1,0.06432748538011697,3,0,0,1,-17489.0,-7557,1,0,1,0,3,3,0
1240,5067729,0,0,1,1,0.06432748538011697,0,2,1,1,-10288.0,-2616,1,1,1,0,10,3,0
1241,5010795,0,0,0,0,0.005847953216374269,2,4,1,1,-13941.0,-5334,1,1,1,0,11,2,0
1242,5116594,1,1,0,0,0.07894736842105264,3,1,1,1,-15602.0,-611,1,0,0,0,3,2,0
1243,5068310,1,0,1,1,0.10526315789473686,0,2,3,1,-9649.0,-140,1,0,0,0,10,2,0
1244,5087880,0,0,0,0,0.12865497076023394,2,1,0,1,-21967.0,-5215,1,0,0,1,3,2,0
1245,5125172,0,1,1,0,0.07894736842105264,3,4,1,1,-15023.0,-438,1,0,0,0,8,2,0
1246,5117190,0,0,1,3,0.11111111111111113,0,4,4,1,-15267.0,-461,1,1,1,0,3,4,0
1247,5118580,0,1,1,0,0.09356725146198831,3,4,1,1,-13052.0,-1741,1,0,0,0,8,2,0
1248,5045070,0,0,0,0,0.0497076023391813,3,4,1,1,-10344.0,-2533,1,0,0,0,8,2,0
1249,5062334,0,0,0,0,0.038011695906432746,3,1,1,1,-9071.0,-958,1,0,0,0,3,2,0
1250,5021968,0,0,0,1,0.04385964912280703,3,4,1,1,-11720.0,-1191,1,0,0,0,14,3,0
1251,5028858,1,1,1,1,0.07894736842105264,3,4,1,1,-13867.0,-3095,1,0,0,0,8,3,0
1252,5067182,0,0,1,0,0.0497076023391813,3,1,1,1,-11432.0,-820,1,1,0,0,3,2,0
1253,5112652,0,0,0,0,0.020467836257309944,3,4,1,5,-16182.0,-2827,1,1,1,0,2,2,0
1254,5115523,0,0,1,3,0.0497076023391813,3,4,1,1,-13020.0,-3693,1,0,0,0,3,5,0
1255,5105069,1,0,1,0,0.07894736842105264,3,2,1,1,-13682.0,-453,1,1,1,0,3,2,0
1256,5079127,1,0,1,0,0.152046783625731,3,1,1,1,-11944.0,-2262,1,0,0,0,8,2,0
1257,5088689,1,0,1,1,0.06432748538011697,3,4,1,1,-18719.0,-1473,1,1,1,0,8,3,0
1258,5132784,1,1,1,0,0.0497076023391813,3,4,3,1,-8854.0,-195,1,1,0,0,8,1,0
1259,5048458,0,1,1,1,0.0584795321637427,3,1,1,1,-9441.0,-157,1,0,0,0,3,3,0
1260,5065477,1,0,0,1,0.07309941520467837,3,4,1,1,-13574.0,-109,1,0,0,0,8,3,0
1261,5024096,0,1,0,0,0.0584795321637427,2,2,3,1,-11978.0,-5206,1,1,0,0,3,1,0
1262,5033520,0,1,1,3,0.09356725146198831,3,4,1,2,-12559.0,-5862,1,0,1,0,11,5,0
1263,5028612,1,1,1,0,0.12280701754385967,0,1,3,5,-10681.0,-2152,1,0,1,0,14,1,0
1264,5089954,1,0,1,1,0.0584795321637427,0,4,0,1,-12755.0,-2105,1,0,0,0,3,3,0
1265,5125261,1,0,1,0,0.07894736842105264,0,1,1,1,-15423.0,-1200,1,1,1,0,3,2,0
1266,5100133,1,1,1,2,0.152046783625731,0,1,1,1,-13955.0,-1891,1,0,0,0,4,4,0
1267,5096856,1,1,1,0,0.09356725146198831,0,4,1,1,-17975.0,-3476,1,0,0,0,4,2,0
1268,5089719,0,0,0,0,0.07017543859649124,3,4,1,1,-19984.0,-4662,1,0,1,0,3,2,0
1269,5033447,0,1,0,0,0.0497076023391813,0,1,1,1,-10828.0,-657,1,0,0,0,3,2,0
1270,5090942,1,0,0,0,0.12280701754385967,0,4,1,1,-13336.0,-1436,1,0,0,0,9,2,0
1271,5125816,0,1,0,0,0.2690058479532164,1,1,1,1,-19783.0,-5521,1,1,1,0,10,2,0
1272,5149946,0,0,1,0,0.09356725146198831,3,1,1,1,-22228.0,-686,1,1,1,0,6,2,0
1273,5024049,0,1,1,1,0.07017543859649124,3,1,1,1,-12903.0,-2924,1,0,0,0,0,3,0
1274,5117065,0,0,1,2,0.12280701754385967,3,1,1,1,-16047.0,-1648,1,1,1,0,0,4,0
1275,5118268,1,1,0,1,0.2105263157894737,2,4,1,1,-11294.0,-3536,1,0,1,0,4,3,0
1276,5028645,0,0,1,0,0.2079463364293086,0,1,1,1,-11957.0,-2182,1,0,0,0,10,2,0
1277,5023655,0,0,0,0,0.12280701754385967,0,2,3,1,-10229.0,-1209,1,0,0,0,0,1,0
1278,5115992,1,1,1,2,0.09356725146198831,3,1,1,1,-13174.0,-2477,1,0,0,0,10,4,0
1279,5118219,1,1,0,0,0.152046783625731,3,4,0,1,-15292.0,-645,1,1,1,0,4,2,0
1280,5053790,0,1,1,0,0.12280701754385967,3,1,1,1,-16601.0,-2859,1,0,0,0,3,2,0
